category_name_english,forecast_month,feature_cutoff_month,target_units,lag_1,lag_2,lag_4,rolling_mean_3,month_num,is_q4,target_period_order_count,is_partial_period,is_low_volume_period,is_comparable_period
fashion_bags_accessories,2017-03,2017-02,66,36,35,8,24.0,3,0,2682,False,False,True
health_beauty,2017-03,2017-02,208,154,82,3,92.0,3,0,2682,False,False,True
air_conditioning,2017-04,2017-03,15,17,11,8,10.666666666666666,4,0,2404,False,False,True
auto,2017-04,2017-03,84,78,83,8,64.0,4,0,2404,False,False,True
baby,2017-04,2017-03,50,42,32,11,38.0,4,0,2404,False,False,True
bed_bath_table,2017-04,2017-03,271,279,157,8,160.66666666666666,4,0,2404,False,False,True
computers_accessories,2017-04,2017-03,132,171,100,12,100.66666666666667,4,0,2404,False,False,True
consoles_games,2017-04,2017-03,17,47,18,7,28.666666666666668,4,0,2404,False,False,True
cool_stuff,2017-04,2017-03,114,118,69,7,74.66666666666667,4,0,2404,False,False,True
electronics,2017-04,2017-03,48,37,19,1,22.333333333333332,4,0,2404,False,False,True
fashio_female_clothing,2017-04,2017-03,1,1,3,1,2.0,4,0,2404,False,False,True
fashion_bags_accessories,2017-04,2017-03,48,66,36,1,45.666666666666664,4,0,2404,False,False,True
fashion_male_clothing,2017-04,2017-03,5,9,6,1,5.333333333333333,4,0,2404,False,False,True
fashion_shoes,2017-04,2017-03,23,14,3,1,6.0,4,0,2404,False,False,True
fixed_telephony,2017-04,2017-03,6,20,22,5,21.333333333333332,4,0,2404,False,False,True
food,2017-04,2017-03,8,21,8,1,10.333333333333334,4,0,2404,False,False,True
furniture_decor,2017-04,2017-03,191,315,257,65,249.66666666666666,4,0,2404,False,False,True
garden_tools,2017-04,2017-03,108,146,69,5,89.66666666666667,4,0,2404,False,False,True
health_beauty,2017-04,2017-03,180,208,154,40,148.0,4,0,2404,False,False,True
housewares,2017-04,2017-03,169,196,69,12,97.66666666666667,4,0,2404,False,False,True
market_place,2017-04,2017-03,19,17,20,11,14.0,4,0,2404,False,False,True
office_furniture,2017-04,2017-03,58,74,62,6,48.0,4,0,2404,False,False,True
perfumery,2017-04,2017-03,101,105,49,29,62.666666666666664,4,0,2404,False,False,True
pet_shop,2017-04,2017-03,51,44,39,4,32.333333333333336,4,0,2404,False,False,True
sports_leisure,2017-04,2017-03,203,190,149,17,137.66666666666666,4,0,2404,False,False,True
telephony,2017-04,2017-03,142,165,106,8,97.66666666666667,4,0,2404,False,False,True
toys,2017-04,2017-03,113,102,66,24,69.66666666666667,4,0,2404,False,False,True
unknown,2017-04,2017-03,69,60,56,2,42.666666666666664,4,0,2404,False,False,True
watches_gifts,2017-04,2017-03,95,79,33,4,41.0,4,0,2404,False,False,True
air_conditioning,2017-05,2017-04,7,15,17,4,14.333333333333334,5,0,3700,False,False,True
audio,2017-05,2017-04,17,11,14,2,10.0,5,0,3700,False,False,True
auto,2017-05,2017-04,113,84,78,31,81.66666666666667,5,0,3700,False,False,True
baby,2017-05,2017-04,102,50,42,40,41.333333333333336,5,0,3700,False,False,True
bed_bath_table,2017-05,2017-04,361,271,279,46,235.66666666666666,5,0,3700,False,False,True
books_general_interest,2017-05,2017-04,20,12,24,2,14.666666666666666,5,0,3700,False,False,True
computers_accessories,2017-05,2017-04,309,132,171,31,134.33333333333334,5,0,3700,False,False,True
consoles_games,2017-05,2017-04,29,17,47,21,27.333333333333332,5,0,3700,False,False,True
cool_stuff,2017-05,2017-04,241,114,118,37,100.33333333333333,5,0,3700,False,False,True
dvds_blu_ray,2017-05,2017-04,4,2,4,2,2.3333333333333335,5,0,3700,False,False,True
electronics,2017-05,2017-04,65,48,37,11,34.666666666666664,5,0,3700,False,False,True
fashio_female_clothing,2017-05,2017-04,4,1,1,2,1.6666666666666667,5,0,3700,False,False,True
fashion_bags_accessories,2017-05,2017-04,104,48,66,35,50.0,5,0,3700,False,False,True
fashion_male_clothing,2017-05,2017-04,4,5,9,1,6.666666666666667,5,0,3700,False,False,True
fashion_shoes,2017-05,2017-04,22,23,14,1,13.333333333333334,5,0,3700,False,False,True
fashion_underwear_beach,2017-05,2017-04,7,3,6,2,5.666666666666667,5,0,3700,False,False,True
fixed_telephony,2017-05,2017-04,9,6,20,22,16.0,5,0,3700,False,False,True
food,2017-05,2017-04,3,8,21,2,12.333333333333334,5,0,3700,False,False,True
furniture_decor,2017-05,2017-04,271,191,315,177,254.33333333333334,5,0,3700,False,False,True
furniture_living_room,2017-05,2017-04,32,12,24,10,19.0,5,0,3700,False,False,True
garden_tools,2017-05,2017-04,138,108,146,54,107.66666666666667,5,0,3700,False,False,True
health_beauty,2017-05,2017-04,284,180,208,82,180.66666666666666,5,0,3700,False,False,True
home_appliances_2,2017-05,2017-04,7,2,2,7,1.6666666666666667,5,0,3700,False,False,True
housewares,2017-05,2017-04,302,169,196,28,144.66666666666666,5,0,3700,False,False,True
kitchen_dining_laundry_garden_furniture,2017-05,2017-04,9,9,3,1,4.666666666666667,5,0,3700,False,False,True
luggage_accessories,2017-05,2017-04,70,48,38,5,35.333333333333336,5,0,3700,False,False,True
market_place,2017-05,2017-04,22,19,17,5,18.666666666666668,5,0,3700,False,False,True
musical_instruments,2017-05,2017-04,20,16,10,1,11.666666666666666,5,0,3700,False,False,True
office_furniture,2017-05,2017-04,56,58,74,8,64.66666666666667,5,0,3700,False,False,True
perfumery,2017-05,2017-04,143,101,105,34,85.0,5,0,3700,False,False,True
pet_shop,2017-05,2017-04,73,51,44,14,44.666666666666664,5,0,3700,False,False,True
small_appliances,2017-05,2017-04,18,20,31,6,26.333333333333332,5,0,3700,False,False,True
sports_leisure,2017-05,2017-04,305,203,190,74,180.66666666666666,5,0,3700,False,False,True
stationery,2017-05,2017-04,64,35,56,14,36.666666666666664,5,0,3700,False,False,True
telephony,2017-05,2017-04,214,142,165,22,137.66666666666666,5,0,3700,False,False,True
toys,2017-05,2017-04,196,113,102,41,93.66666666666667,5,0,3700,False,False,True
unknown,2017-05,2017-04,91,69,60,12,61.666666666666664,5,0,3700,False,False,True
watches_gifts,2017-05,2017-04,129,95,79,11,69.0,5,0,3700,False,False,True
agro_industry_and_commerce,2017-06,2017-05,1,4,2,3,4.333333333333333,6,0,3245,False,False,True
air_conditioning,2017-06,2017-05,11,7,15,11,13.0,6,0,3245,False,False,True
audio,2017-06,2017-05,11,17,11,5,14.0,6,0,3245,False,False,True
auto,2017-06,2017-05,110,113,84,83,91.66666666666667,6,0,3245,False,False,True
baby,2017-06,2017-05,78,102,50,32,64.66666666666667,6,0,3245,False,False,True
bed_bath_table,2017-06,2017-05,369,361,271,157,303.6666666666667,6,0,3245,False,False,True
books_general_interest,2017-06,2017-05,20,20,12,8,18.666666666666668,6,0,3245,False,False,True
books_technical,2017-06,2017-05,2,3,1,1,2.0,6,0,3245,False,False,True
computers_accessories,2017-06,2017-05,254,309,132,100,204.0,6,0,3245,False,False,True
consoles_games,2017-06,2017-05,29,29,17,18,31.0,6,0,3245,False,False,True
cool_stuff,2017-06,2017-05,199,241,114,69,157.66666666666666,6,0,3245,False,False,True
dvds_blu_ray,2017-06,2017-05,4,4,2,1,3.3333333333333335,6,0,3245,False,False,True
electronics,2017-06,2017-05,41,65,48,19,50.0,6,0,3245,False,False,True
fashio_female_clothing,2017-06,2017-05,3,4,1,3,2.0,6,0,3245,False,False,True
fashion_bags_accessories,2017-06,2017-05,81,104,48,36,72.66666666666667,6,0,3245,False,False,True
fashion_male_clothing,2017-06,2017-05,9,4,5,6,6.0,6,0,3245,False,False,True
fashion_shoes,2017-06,2017-05,19,22,23,3,19.666666666666668,6,0,3245,False,False,True
fashion_underwear_beach,2017-06,2017-05,1,7,3,8,5.333333333333333,6,0,3245,False,False,True
fixed_telephony,2017-06,2017-05,12,9,6,22,11.666666666666666,6,0,3245,False,False,True
food,2017-06,2017-05,1,3,8,8,10.666666666666666,6,0,3245,False,False,True
furniture_bedroom,2017-06,2017-05,2,9,3,8,4.333333333333333,6,0,3245,False,False,True
furniture_decor,2017-06,2017-05,230,271,191,257,259.0,6,0,3245,False,False,True
furniture_living_room,2017-06,2017-05,15,32,12,21,22.666666666666668,6,0,3245,False,False,True
garden_tools,2017-06,2017-05,110,138,108,69,130.66666666666666,6,0,3245,False,False,True
health_beauty,2017-06,2017-05,254,284,180,154,224.0,6,0,3245,False,False,True
home_appliances,2017-06,2017-05,43,28,10,7,16.0,6,0,3245,False,False,True
home_appliances_2,2017-06,2017-05,6,7,2,1,3.6666666666666665,6,0,3245,False,False,True
home_confort,2017-06,2017-05,17,35,17,3,21.666666666666668,6,0,3245,False,False,True
home_construction,2017-06,2017-05,8,7,5,4,7.333333333333333,6,0,3245,False,False,True
housewares,2017-06,2017-05,321,302,169,69,222.33333333333334,6,0,3245,False,False,True
industry_commerce_and_business,2017-06,2017-05,2,2,2,4,1.6666666666666667,6,0,3245,False,False,True
kitchen_dining_laundry_garden_furniture,2017-06,2017-05,4,9,9,2,7.0,6,0,3245,False,False,True
luggage_accessories,2017-06,2017-05,60,70,48,20,52.0,6,0,3245,False,False,True
market_place,2017-06,2017-05,16,22,19,20,19.333333333333332,6,0,3245,False,False,True
musical_instruments,2017-06,2017-05,20,20,16,9,15.333333333333334,6,0,3245,False,False,True
office_furniture,2017-06,2017-05,50,56,58,62,62.666666666666664,6,0,3245,False,False,True
perfumery,2017-06,2017-05,148,143,101,49,116.33333333333333,6,0,3245,False,False,True
pet_shop,2017-06,2017-05,63,73,51,39,56.0,6,0,3245,False,False,True
small_appliances,2017-06,2017-05,23,18,20,28,23.0,6,0,3245,False,False,True
sports_leisure,2017-06,2017-05,269,305,203,149,232.66666666666666,6,0,3245,False,False,True
stationery,2017-06,2017-05,38,64,35,19,51.666666666666664,6,0,3245,False,False,True
tablets_printing_image,2017-06,2017-05,6,7,11,8,7.666666666666667,6,0,3245,False,False,True
telephony,2017-06,2017-05,157,214,142,106,173.66666666666666,6,0,3245,False,False,True
toys,2017-06,2017-05,156,196,113,66,137.0,6,0,3245,False,False,True
unknown,2017-06,2017-05,58,91,69,56,73.33333333333333,6,0,3245,False,False,True
watches_gifts,2017-06,2017-05,119,129,95,33,101.0,6,0,3245,False,False,True
agro_industry_and_commerce,2017-07,2017-06,1,1,4,7,2.3333333333333335,7,0,4026,False,False,True
air_conditioning,2017-07,2017-06,5,11,7,17,11.0,7,0,4026,False,False,True
art,2017-07,2017-06,3,4,6,4,3.6666666666666665,7,0,4026,False,False,True
audio,2017-07,2017-06,6,11,17,14,13.0,7,0,4026,False,False,True
auto,2017-07,2017-06,114,110,113,78,102.33333333333333,7,0,4026,False,False,True
baby,2017-07,2017-06,125,78,102,42,76.66666666666667,7,0,4026,False,False,True
bed_bath_table,2017-07,2017-06,569,369,361,279,333.6666666666667,7,0,4026,False,False,True
books_general_interest,2017-07,2017-06,13,20,20,24,17.333333333333332,7,0,4026,False,False,True
books_technical,2017-07,2017-06,2,2,3,2,2.0,7,0,4026,False,False,True
cine_photo,2017-07,2017-06,1,1,1,1,1.3333333333333333,7,0,4026,False,False,True
computers_accessories,2017-07,2017-06,320,254,309,171,231.66666666666666,7,0,4026,False,False,True
consoles_games,2017-07,2017-06,47,29,29,47,25.0,7,0,4026,False,False,True
construction_tools_construction,2017-07,2017-06,6,8,1,3,3.3333333333333335,7,0,4026,False,False,True
cool_stuff,2017-07,2017-06,228,199,241,118,184.66666666666666,7,0,4026,False,False,True
costruction_tools_garden,2017-07,2017-06,8,4,7,2,6.333333333333333,7,0,4026,False,False,True
dvds_blu_ray,2017-07,2017-06,3,4,4,4,3.3333333333333335,7,0,4026,False,False,True
electronics,2017-07,2017-06,94,41,65,37,51.333333333333336,7,0,4026,False,False,True
fashio_female_clothing,2017-07,2017-06,4,3,4,1,2.6666666666666665,7,0,4026,False,False,True
fashion_bags_accessories,2017-07,2017-06,86,81,104,66,77.66666666666667,7,0,4026,False,False,True
fashion_male_clothing,2017-07,2017-06,9,9,4,9,6.0,7,0,4026,False,False,True
fashion_shoes,2017-07,2017-06,19,19,22,14,21.333333333333332,7,0,4026,False,False,True
fashion_sport,2017-07,2017-06,1,5,3,1,4.0,7,0,4026,False,False,True
fashion_underwear_beach,2017-07,2017-06,3,1,7,6,3.6666666666666665,7,0,4026,False,False,True
fixed_telephony,2017-07,2017-06,9,12,9,20,9.0,7,0,4026,False,False,True
food,2017-07,2017-06,7,1,3,21,4.0,7,0,4026,False,False,True
food_drink,2017-07,2017-06,8,2,12,4,5.666666666666667,7,0,4026,False,False,True
furniture_bedroom,2017-07,2017-06,4,2,9,1,4.666666666666667,7,0,4026,False,False,True
furniture_decor,2017-07,2017-06,314,230,271,315,230.66666666666666,7,0,4026,False,False,True
furniture_living_room,2017-07,2017-06,30,15,32,24,19.666666666666668,7,0,4026,False,False,True
garden_tools,2017-07,2017-06,184,110,138,146,118.66666666666667,7,0,4026,False,False,True
health_beauty,2017-07,2017-06,308,254,284,208,239.33333333333334,7,0,4026,False,False,True
home_appliances,2017-07,2017-06,37,43,28,10,27.0,7,0,4026,False,False,True
home_appliances_2,2017-07,2017-06,7,6,7,2,5.0,7,0,4026,False,False,True
home_comfort_2,2017-07,2017-06,1,1,1,2,1.6666666666666667,7,0,4026,False,False,True
home_confort,2017-07,2017-06,43,17,35,13,23.0,7,0,4026,False,False,True
home_construction,2017-07,2017-06,2,8,7,10,6.666666666666667,7,0,4026,False,False,True
housewares,2017-07,2017-06,271,321,302,196,264.0,7,0,4026,False,False,True
industry_commerce_and_business,2017-07,2017-06,2,2,2,1,2.0,7,0,4026,False,False,True
kitchen_dining_laundry_garden_furniture,2017-07,2017-06,11,4,9,3,7.333333333333333,7,0,4026,False,False,True
luggage_accessories,2017-07,2017-06,73,60,70,38,59.333333333333336,7,0,4026,False,False,True
market_place,2017-07,2017-06,13,16,22,17,19.0,7,0,4026,False,False,True
music,2017-07,2017-06,1,4,2,2,2.3333333333333335,7,0,4026,False,False,True
musical_instruments,2017-07,2017-06,30,20,20,10,18.666666666666668,7,0,4026,False,False,True
office_furniture,2017-07,2017-06,115,50,56,74,54.666666666666664,7,0,4026,False,False,True
perfumery,2017-07,2017-06,121,148,143,105,130.66666666666666,7,0,4026,False,False,True
pet_shop,2017-07,2017-06,85,63,73,44,62.333333333333336,7,0,4026,False,False,True
signaling_and_security,2017-07,2017-06,5,1,4,1,2.6666666666666665,7,0,4026,False,False,True
small_appliances,2017-07,2017-06,31,23,18,31,20.333333333333332,7,0,4026,False,False,True
sports_leisure,2017-07,2017-06,375,269,305,190,259.0,7,0,4026,False,False,True
stationery,2017-07,2017-06,77,38,64,56,45.666666666666664,7,0,4026,False,False,True
tablets_printing_image,2017-07,2017-06,2,6,7,5,8.0,7,0,4026,False,False,True
telephony,2017-07,2017-06,143,157,214,165,171.0,7,0,4026,False,False,True
toys,2017-07,2017-06,203,156,196,102,155.0,7,0,4026,False,False,True
unknown,2017-07,2017-06,58,58,91,60,72.66666666666667,7,0,4026,False,False,True
watches_gifts,2017-07,2017-06,162,119,129,79,114.33333333333333,7,0,4026,False,False,True
agro_industry_and_commerce,2017-08,2017-07,4,1,1,2,2.0,8,0,4331,False,False,True
air_conditioning,2017-08,2017-07,15,5,11,15,7.666666666666667,8,0,4331,False,False,True
art,2017-08,2017-07,4,3,4,1,4.333333333333333,8,0,4331,False,False,True
audio,2017-08,2017-07,7,6,11,11,11.333333333333334,8,0,4331,False,False,True
auto,2017-08,2017-07,161,114,110,84,112.33333333333333,8,0,4331,False,False,True
baby,2017-08,2017-07,127,125,78,50,101.66666666666667,8,0,4331,False,False,True
bed_bath_table,2017-08,2017-07,506,569,369,271,433.0,8,0,4331,False,False,True
books_general_interest,2017-08,2017-07,27,13,20,12,17.666666666666668,8,0,4331,False,False,True
books_technical,2017-08,2017-07,9,2,2,1,2.3333333333333335,8,0,4331,False,False,True
computers_accessories,2017-08,2017-07,341,320,254,132,294.3333333333333,8,0,4331,False,False,True
consoles_games,2017-08,2017-07,84,47,29,17,35.0,8,0,4331,False,False,True
construction_tools_construction,2017-08,2017-07,7,6,8,1,5.0,8,0,4331,False,False,True
cool_stuff,2017-08,2017-07,256,228,199,114,222.66666666666666,8,0,4331,False,False,True
costruction_tools_garden,2017-08,2017-07,10,8,4,8,6.333333333333333,8,0,4331,False,False,True
drinks,2017-08,2017-07,2,3,1,5,1.6666666666666667,8,0,4331,False,False,True
dvds_blu_ray,2017-08,2017-07,6,3,4,2,3.6666666666666665,8,0,4331,False,False,True
electronics,2017-08,2017-07,56,94,41,48,66.66666666666667,8,0,4331,False,False,True
fashio_female_clothing,2017-08,2017-07,4,4,3,1,3.6666666666666665,8,0,4331,False,False,True
fashion_bags_accessories,2017-08,2017-07,95,86,81,48,90.33333333333333,8,0,4331,False,False,True
fashion_male_clothing,2017-08,2017-07,14,9,9,5,7.333333333333333,8,0,4331,False,False,True
fashion_shoes,2017-08,2017-07,22,19,19,23,20.0,8,0,4331,False,False,True
fashion_sport,2017-08,2017-07,2,1,5,4,3.0,8,0,4331,False,False,True
fashion_underwear_beach,2017-08,2017-07,13,3,1,3,3.6666666666666665,8,0,4331,False,False,True
fixed_telephony,2017-08,2017-07,20,9,12,6,10.0,8,0,4331,False,False,True
food,2017-08,2017-07,8,7,1,8,3.6666666666666665,8,0,4331,False,False,True
food_drink,2017-08,2017-07,15,8,2,3,7.333333333333333,8,0,4331,False,False,True
furniture_bedroom,2017-08,2017-07,3,4,2,3,5.0,8,0,4331,False,False,True
furniture_decor,2017-08,2017-07,426,314,230,191,271.6666666666667,8,0,4331,False,False,True
furniture_living_room,2017-08,2017-07,23,30,15,12,25.666666666666668,8,0,4331,False,False,True
garden_tools,2017-08,2017-07,233,184,110,108,144.0,8,0,4331,False,False,True
health_beauty,2017-08,2017-07,352,308,254,180,282.0,8,0,4331,False,False,True
home_appliances,2017-08,2017-07,42,37,43,10,36.0,8,0,4331,False,False,True
home_appliances_2,2017-08,2017-07,15,7,6,2,6.666666666666667,8,0,4331,False,False,True
home_comfort_2,2017-08,2017-07,3,1,1,3,1.0,8,0,4331,False,False,True
home_confort,2017-08,2017-07,28,43,17,17,31.666666666666668,8,0,4331,False,False,True
home_construction,2017-08,2017-07,1,2,8,5,5.666666666666667,8,0,4331,False,False,True
housewares,2017-08,2017-07,280,271,321,169,298.0,8,0,4331,False,False,True
industry_commerce_and_business,2017-08,2017-07,3,2,2,2,2.0,8,0,4331,False,False,True
kitchen_dining_laundry_garden_furniture,2017-08,2017-07,7,11,4,9,8.0,8,0,4331,False,False,True
luggage_accessories,2017-08,2017-07,62,73,60,48,67.66666666666667,8,0,4331,False,False,True
market_place,2017-08,2017-07,23,13,16,19,17.0,8,0,4331,False,False,True
music,2017-08,2017-07,1,1,4,1,2.3333333333333335,8,0,4331,False,False,True
musical_instruments,2017-08,2017-07,23,30,20,16,23.333333333333332,8,0,4331,False,False,True
office_furniture,2017-08,2017-07,58,115,50,58,73.66666666666667,8,0,4331,False,False,True
perfumery,2017-08,2017-07,127,121,148,101,137.33333333333334,8,0,4331,False,False,True
pet_shop,2017-08,2017-07,89,85,63,51,73.66666666666667,8,0,4331,False,False,True
signaling_and_security,2017-08,2017-07,4,5,1,3,3.3333333333333335,8,0,4331,False,False,True
small_appliances,2017-08,2017-07,36,31,23,20,24.0,8,0,4331,False,False,True
sports_leisure,2017-08,2017-07,417,375,269,203,316.3333333333333,8,0,4331,False,False,True
stationery,2017-08,2017-07,80,77,38,35,59.666666666666664,8,0,4331,False,False,True
tablets_printing_image,2017-08,2017-07,6,2,6,11,5.0,8,0,4331,False,False,True
telephony,2017-08,2017-07,132,143,157,142,171.33333333333334,8,0,4331,False,False,True
toys,2017-08,2017-07,182,203,156,113,185.0,8,0,4331,False,False,True
unknown,2017-08,2017-07,75,58,58,69,69.0,8,0,4331,False,False,True
watches_gifts,2017-08,2017-07,211,162,119,95,136.66666666666666,8,0,4331,False,False,True
agro_industry_and_commerce,2017-09,2017-08,4,4,1,4,2.0,9,0,4285,False,False,True
air_conditioning,2017-09,2017-08,7,15,5,7,10.333333333333334,9,0,4285,False,False,True
art,2017-09,2017-08,3,4,3,6,3.6666666666666665,9,0,4285,False,False,True
audio,2017-09,2017-08,10,7,6,17,8.0,9,0,4285,False,False,True
auto,2017-09,2017-08,107,161,114,113,128.33333333333334,9,0,4285,False,False,True
baby,2017-09,2017-08,170,127,125,102,110.0,9,0,4285,False,False,True
bed_bath_table,2017-09,2017-08,528,506,569,361,481.3333333333333,9,0,4285,False,False,True
books_general_interest,2017-09,2017-08,14,27,13,20,20.0,9,0,4285,False,False,True
books_technical,2017-09,2017-08,8,9,2,3,4.333333333333333,9,0,4285,False,False,True
christmas_supplies,2017-09,2017-08,4,1,2,1,2.0,9,0,4285,False,False,True
computers_accessories,2017-09,2017-08,247,341,320,309,305.0,9,0,4285,False,False,True
consoles_games,2017-09,2017-08,63,84,47,29,53.333333333333336,9,0,4285,False,False,True
construction_tools_construction,2017-09,2017-08,10,7,6,1,7.0,9,0,4285,False,False,True
cool_stuff,2017-09,2017-08,203,256,228,241,227.66666666666666,9,0,4285,False,False,True
costruction_tools_garden,2017-09,2017-08,5,10,8,7,7.333333333333333,9,0,4285,False,False,True
drinks,2017-09,2017-08,6,2,3,1,2.0,9,0,4285,False,False,True
dvds_blu_ray,2017-09,2017-08,2,6,3,4,4.333333333333333,9,0,4285,False,False,True
electronics,2017-09,2017-08,67,56,94,65,63.666666666666664,9,0,4285,False,False,True
fashio_female_clothing,2017-09,2017-08,4,4,4,4,3.6666666666666665,9,0,4285,False,False,True
fashion_bags_accessories,2017-09,2017-08,122,95,86,104,87.33333333333333,9,0,4285,False,False,True
fashion_male_clothing,2017-09,2017-08,16,14,9,4,10.666666666666666,9,0,4285,False,False,True
fashion_shoes,2017-09,2017-08,13,22,19,22,20.0,9,0,4285,False,False,True
fashion_sport,2017-09,2017-08,5,2,1,3,2.6666666666666665,9,0,4285,False,False,True
fashion_underwear_beach,2017-09,2017-08,16,13,3,7,5.666666666666667,9,0,4285,False,False,True
fixed_telephony,2017-09,2017-08,13,20,9,9,13.666666666666666,9,0,4285,False,False,True
food,2017-09,2017-08,17,8,7,3,5.333333333333333,9,0,4285,False,False,True
food_drink,2017-09,2017-08,9,15,8,12,8.333333333333334,9,0,4285,False,False,True
furniture_bedroom,2017-09,2017-08,4,3,4,9,3.0,9,0,4285,False,False,True
furniture_decor,2017-09,2017-08,343,426,314,271,323.3333333333333,9,0,4285,False,False,True
furniture_living_room,2017-09,2017-08,11,23,30,32,22.666666666666668,9,0,4285,False,False,True
furniture_mattress_and_upholstery,2017-09,2017-08,1,2,1,1,2.0,9,0,4285,False,False,True
garden_tools,2017-09,2017-08,222,233,184,138,175.66666666666666,9,0,4285,False,False,True
health_beauty,2017-09,2017-08,376,352,308,284,304.6666666666667,9,0,4285,False,False,True
home_appliances,2017-09,2017-08,10,42,37,28,40.666666666666664,9,0,4285,False,False,True
home_appliances_2,2017-09,2017-08,6,15,7,7,9.333333333333334,9,0,4285,False,False,True
home_comfort_2,2017-09,2017-08,1,3,1,1,1.6666666666666667,9,0,4285,False,False,True
home_confort,2017-09,2017-08,33,28,43,35,29.333333333333332,9,0,4285,False,False,True
home_construction,2017-09,2017-08,11,1,2,7,3.6666666666666665,9,0,4285,False,False,True
housewares,2017-09,2017-08,249,280,271,302,290.6666666666667,9,0,4285,False,False,True
industry_commerce_and_business,2017-09,2017-08,2,3,2,2,2.3333333333333335,9,0,4285,False,False,True
kitchen_dining_laundry_garden_furniture,2017-09,2017-08,4,7,11,9,7.333333333333333,9,0,4285,False,False,True
la_cuisine,2017-09,2017-08,1,2,4,1,2.3333333333333335,9,0,4285,False,False,True
luggage_accessories,2017-09,2017-08,42,62,73,70,65.0,9,0,4285,False,False,True
market_place,2017-09,2017-08,11,23,13,22,17.333333333333332,9,0,4285,False,False,True
musical_instruments,2017-09,2017-08,26,23,30,20,24.333333333333332,9,0,4285,False,False,True
office_furniture,2017-09,2017-08,60,58,115,56,74.33333333333333,9,0,4285,False,False,True
perfumery,2017-09,2017-08,153,127,121,143,132.0,9,0,4285,False,False,True
pet_shop,2017-09,2017-08,71,89,85,73,79.0,9,0,4285,False,False,True
signaling_and_security,2017-09,2017-08,9,4,5,4,3.3333333333333335,9,0,4285,False,False,True
small_appliances,2017-09,2017-08,30,36,31,18,30.0,9,0,4285,False,False,True
sports_leisure,2017-09,2017-08,453,417,375,305,353.6666666666667,9,0,4285,False,False,True
stationery,2017-09,2017-08,75,80,77,64,65.0,9,0,4285,False,False,True
tablets_printing_image,2017-09,2017-08,3,6,2,7,4.666666666666667,9,0,4285,False,False,True
telephony,2017-09,2017-08,173,132,143,214,144.0,9,0,4285,False,False,True
toys,2017-09,2017-08,289,182,203,196,180.33333333333334,9,0,4285,False,False,True
unknown,2017-09,2017-08,73,75,58,91,63.666666666666664,9,0,4285,False,False,True
watches_gifts,2017-09,2017-08,264,211,162,129,164.0,9,0,4285,False,False,True
agro_industry_and_commerce,2017-10,2017-09,5,4,4,1,3.0,10,1,4631,False,False,True
air_conditioning,2017-10,2017-09,12,7,15,11,9.0,10,1,4631,False,False,True
art,2017-10,2017-09,3,3,4,4,3.3333333333333335,10,1,4631,False,False,True
audio,2017-10,2017-09,31,10,7,11,7.666666666666667,10,1,4631,False,False,True
auto,2017-10,2017-09,148,107,161,110,127.33333333333333,10,1,4631,False,False,True
baby,2017-10,2017-09,138,170,127,78,140.66666666666666,10,1,4631,False,False,True
bed_bath_table,2017-10,2017-09,542,528,506,369,534.3333333333334,10,1,4631,False,False,True
books_general_interest,2017-10,2017-09,11,14,27,20,18.0,10,1,4631,False,False,True
books_imported,2017-10,2017-09,3,4,1,1,2.3333333333333335,10,1,4631,False,False,True
books_technical,2017-10,2017-09,6,8,9,2,6.333333333333333,10,1,4631,False,False,True
christmas_supplies,2017-10,2017-09,12,4,1,3,2.3333333333333335,10,1,4631,False,False,True
cine_photo,2017-10,2017-09,1,1,1,2,1.0,10,1,4631,False,False,True
computers,2017-10,2017-09,27,40,28,1,23.0,10,1,4631,False,False,True
computers_accessories,2017-10,2017-09,309,247,341,254,302.6666666666667,10,1,4631,False,False,True
consoles_games,2017-10,2017-09,105,63,84,29,64.66666666666667,10,1,4631,False,False,True
construction_tools_construction,2017-10,2017-09,19,10,7,8,7.666666666666667,10,1,4631,False,False,True
cool_stuff,2017-10,2017-09,254,203,256,199,229.0,10,1,4631,False,False,True
costruction_tools_garden,2017-10,2017-09,9,5,10,4,7.666666666666667,10,1,4631,False,False,True
drinks,2017-10,2017-09,12,6,2,1,3.6666666666666665,10,1,4631,False,False,True
dvds_blu_ray,2017-10,2017-09,4,2,6,4,3.6666666666666665,10,1,4631,False,False,True
electronics,2017-10,2017-09,62,67,56,41,72.33333333333333,10,1,4631,False,False,True
fashio_female_clothing,2017-10,2017-09,2,4,4,3,4.0,10,1,4631,False,False,True
fashion_bags_accessories,2017-10,2017-09,108,122,95,81,101.0,10,1,4631,False,False,True
fashion_male_clothing,2017-10,2017-09,10,16,14,9,13.0,10,1,4631,False,False,True
fashion_shoes,2017-10,2017-09,18,13,22,19,18.0,10,1,4631,False,False,True
fashion_sport,2017-10,2017-09,1,5,2,5,2.6666666666666665,10,1,4631,False,False,True
fashion_underwear_beach,2017-10,2017-09,3,16,13,1,10.666666666666666,10,1,4631,False,False,True
fixed_telephony,2017-10,2017-09,7,13,20,12,14.0,10,1,4631,False,False,True
food,2017-10,2017-09,17,17,8,1,10.666666666666666,10,1,4631,False,False,True
food_drink,2017-10,2017-09,17,9,15,2,10.666666666666666,10,1,4631,False,False,True
furniture_bedroom,2017-10,2017-09,3,4,3,2,3.6666666666666665,10,1,4631,False,False,True
furniture_decor,2017-10,2017-09,375,343,426,230,361.0,10,1,4631,False,False,True
furniture_living_room,2017-10,2017-09,19,11,23,15,21.333333333333332,10,1,4631,False,False,True
furniture_mattress_and_upholstery,2017-10,2017-09,2,1,2,3,1.3333333333333333,10,1,4631,False,False,True
garden_tools,2017-10,2017-09,280,222,233,110,213.0,10,1,4631,False,False,True
health_beauty,2017-10,2017-09,350,376,352,254,345.3333333333333,10,1,4631,False,False,True
home_appliances,2017-10,2017-09,7,10,42,43,29.666666666666668,10,1,4631,False,False,True
home_appliances_2,2017-10,2017-09,9,6,15,6,9.333333333333334,10,1,4631,False,False,True
home_comfort_2,2017-10,2017-09,5,1,3,1,1.6666666666666667,10,1,4631,False,False,True
home_confort,2017-10,2017-09,27,33,28,17,34.666666666666664,10,1,4631,False,False,True
home_construction,2017-10,2017-09,18,11,1,8,4.666666666666667,10,1,4631,False,False,True
housewares,2017-10,2017-09,229,249,280,321,266.6666666666667,10,1,4631,False,False,True
industry_commerce_and_business,2017-10,2017-09,5,2,3,2,2.3333333333333335,10,1,4631,False,False,True
kitchen_dining_laundry_garden_furniture,2017-10,2017-09,16,4,7,4,7.333333333333333,10,1,4631,False,False,True
luggage_accessories,2017-10,2017-09,56,42,62,60,59.0,10,1,4631,False,False,True
market_place,2017-10,2017-09,11,11,23,16,15.666666666666666,10,1,4631,False,False,True
musical_instruments,2017-10,2017-09,19,26,23,20,26.333333333333332,10,1,4631,False,False,True
office_furniture,2017-10,2017-09,102,60,58,50,77.66666666666667,10,1,4631,False,False,True
perfumery,2017-10,2017-09,187,153,127,148,133.66666666666666,10,1,4631,False,False,True
pet_shop,2017-10,2017-09,76,71,89,63,81.66666666666667,10,1,4631,False,False,True
signaling_and_security,2017-10,2017-09,10,9,4,1,6.0,10,1,4631,False,False,True
small_appliances,2017-10,2017-09,32,30,36,23,32.333333333333336,10,1,4631,False,False,True
sports_leisure,2017-10,2017-09,462,453,417,269,415.0,10,1,4631,False,False,True
stationery,2017-10,2017-09,96,75,80,38,77.33333333333333,10,1,4631,False,False,True
tablets_printing_image,2017-10,2017-09,1,3,6,6,3.6666666666666665,10,1,4631,False,False,True
telephony,2017-10,2017-09,244,173,132,157,149.33333333333334,10,1,4631,False,False,True
toys,2017-10,2017-09,283,289,182,156,224.66666666666666,10,1,4631,False,False,True
unknown,2017-10,2017-09,68,73,75,58,68.66666666666667,10,1,4631,False,False,True
watches_gifts,2017-10,2017-09,308,264,211,119,212.33333333333334,10,1,4631,False,False,True
agro_industry_and_commerce,2017-11,2017-10,19,5,4,1,4.333333333333333,11,1,7544,False,False,True
air_conditioning,2017-11,2017-10,19,12,7,5,11.333333333333334,11,1,7544,False,False,True
art,2017-11,2017-10,1,3,3,3,3.3333333333333335,11,1,7544,False,False,True
audio,2017-11,2017-10,36,31,10,6,16.0,11,1,7544,False,False,True
auto,2017-11,2017-10,260,148,107,114,138.66666666666666,11,1,7544,False,False,True
baby,2017-11,2017-10,197,138,170,125,145.0,11,1,7544,False,False,True
bed_bath_table,2017-11,2017-10,961,542,528,569,525.3333333333334,11,1,7544,False,False,True
books_general_interest,2017-11,2017-10,37,11,14,13,17.333333333333332,11,1,7544,False,False,True
books_technical,2017-11,2017-10,6,6,8,2,7.666666666666667,11,1,7544,False,False,True
christmas_supplies,2017-11,2017-10,22,12,4,2,5.666666666666667,11,1,7544,False,False,True
cine_photo,2017-11,2017-10,1,1,1,1,1.0,11,1,7544,False,False,True
computers,2017-11,2017-10,7,27,40,1,31.666666666666668,11,1,7544,False,False,True
computers_accessories,2017-11,2017-10,512,309,247,320,299.0,11,1,7544,False,False,True
consoles_games,2017-11,2017-10,128,105,63,47,84.0,11,1,7544,False,False,True
construction_tools_construction,2017-11,2017-10,47,19,10,6,12.0,11,1,7544,False,False,True
construction_tools_lights,2017-11,2017-10,10,2,1,1,1.6666666666666667,11,1,7544,False,False,True
construction_tools_safety,2017-11,2017-10,14,12,5,1,6.0,11,1,7544,False,False,True
cool_stuff,2017-11,2017-10,297,254,203,228,237.66666666666666,11,1,7544,False,False,True
costruction_tools_garden,2017-11,2017-10,17,9,5,8,8.0,11,1,7544,False,False,True
costruction_tools_tools,2017-11,2017-10,5,5,3,1,3.3333333333333335,11,1,7544,False,False,True
drinks,2017-11,2017-10,18,12,6,3,6.666666666666667,11,1,7544,False,False,True
dvds_blu_ray,2017-11,2017-10,3,4,2,3,4.0,11,1,7544,False,False,True
electronics,2017-11,2017-10,182,62,67,94,61.666666666666664,11,1,7544,False,False,True
fashion_bags_accessories,2017-11,2017-10,193,108,122,86,108.33333333333333,11,1,7544,False,False,True
fashion_childrens_clothes,2017-11,2017-10,2,1,1,1,1.0,11,1,7544,False,False,True
fashion_male_clothing,2017-11,2017-10,11,10,16,9,13.333333333333334,11,1,7544,False,False,True
fashion_shoes,2017-11,2017-10,19,18,13,19,17.666666666666668,11,1,7544,False,False,True
fashion_sport,2017-11,2017-10,1,1,5,1,2.6666666666666665,11,1,7544,False,False,True
fashion_underwear_beach,2017-11,2017-10,10,3,16,3,10.666666666666666,11,1,7544,False,False,True
fixed_telephony,2017-11,2017-10,5,7,13,9,13.333333333333334,11,1,7544,False,False,True
food,2017-11,2017-10,14,17,17,7,14.0,11,1,7544,False,False,True
food_drink,2017-11,2017-10,33,17,9,8,13.666666666666666,11,1,7544,False,False,True
furniture_bedroom,2017-11,2017-10,3,3,4,4,3.3333333333333335,11,1,7544,False,False,True
furniture_decor,2017-11,2017-10,767,375,343,314,381.3333333333333,11,1,7544,False,False,True
furniture_living_room,2017-11,2017-10,39,19,11,30,17.666666666666668,11,1,7544,False,False,True
garden_tools,2017-11,2017-10,547,280,222,184,245.0,11,1,7544,False,False,True
health_beauty,2017-11,2017-10,573,350,376,308,359.3333333333333,11,1,7544,False,False,True
home_appliances,2017-11,2017-10,25,7,10,37,19.666666666666668,11,1,7544,False,False,True
home_appliances_2,2017-11,2017-10,13,9,6,7,10.0,11,1,7544,False,False,True
home_comfort_2,2017-11,2017-10,3,5,1,1,3.0,11,1,7544,False,False,True
home_confort,2017-11,2017-10,45,27,33,43,29.333333333333332,11,1,7544,False,False,True
home_construction,2017-11,2017-10,38,18,11,2,10.0,11,1,7544,False,False,True
housewares,2017-11,2017-10,412,229,249,271,252.66666666666666,11,1,7544,False,False,True
industry_commerce_and_business,2017-11,2017-10,6,5,2,2,3.3333333333333335,11,1,7544,False,False,True
kitchen_dining_laundry_garden_furniture,2017-11,2017-10,33,16,4,11,9.0,11,1,7544,False,False,True
la_cuisine,2017-11,2017-10,1,1,2,1,2.3333333333333335,11,1,7544,False,False,True
luggage_accessories,2017-11,2017-10,70,56,42,73,53.333333333333336,11,1,7544,False,False,True
market_place,2017-11,2017-10,16,11,11,13,15.0,11,1,7544,False,False,True
music,2017-11,2017-10,1,1,1,2,2.0,11,1,7544,False,False,True
musical_instruments,2017-11,2017-10,42,19,26,30,22.666666666666668,11,1,7544,False,False,True
office_furniture,2017-11,2017-10,101,102,60,115,73.33333333333333,11,1,7544,False,False,True
perfumery,2017-11,2017-10,304,187,153,121,155.66666666666666,11,1,7544,False,False,True
pet_shop,2017-11,2017-10,97,76,71,85,78.66666666666667,11,1,7544,False,False,True
signaling_and_security,2017-11,2017-10,5,10,9,5,7.666666666666667,11,1,7544,False,False,True
small_appliances,2017-11,2017-10,28,32,30,31,32.666666666666664,11,1,7544,False,False,True
sports_leisure,2017-11,2017-10,597,462,453,375,444.0,11,1,7544,False,False,True
stationery,2017-11,2017-10,163,96,75,77,83.66666666666667,11,1,7544,False,False,True
tablets_printing_image,2017-11,2017-10,6,1,3,2,3.3333333333333335,11,1,7544,False,False,True
telephony,2017-11,2017-10,371,244,173,143,183.0,11,1,7544,False,False,True
toys,2017-11,2017-10,485,283,289,203,251.33333333333334,11,1,7544,False,False,True
unknown,2017-11,2017-10,118,68,73,58,72.0,11,1,7544,False,False,True
watches_gifts,2017-11,2017-10,463,308,264,162,261.0,11,1,7544,False,False,True
agro_industry_and_commerce,2017-12,2017-11,11,19,5,4,9.333333333333334,12,1,5673,False,False,True
air_conditioning,2017-12,2017-11,3,19,12,15,12.666666666666666,12,1,5673,False,False,True
art,2017-12,2017-11,3,1,3,4,2.3333333333333335,12,1,5673,False,False,True
audio,2017-12,2017-11,17,36,31,7,25.666666666666668,12,1,5673,False,False,True
auto,2017-12,2017-11,263,260,148,161,171.66666666666666,12,1,5673,False,False,True
baby,2017-12,2017-11,139,197,138,127,168.33333333333334,12,1,5673,False,False,True
bed_bath_table,2017-12,2017-11,546,961,542,506,677.0,12,1,5673,False,False,True
books_general_interest,2017-12,2017-11,41,37,11,27,20.666666666666668,12,1,5673,False,False,True
books_imported,2017-12,2017-11,3,3,4,2,2.6666666666666665,12,1,5673,False,False,True
books_technical,2017-12,2017-11,4,6,6,9,6.666666666666667,12,1,5673,False,False,True
cds_dvds_musicals,2017-12,2017-11,1,3,1,5,2.3333333333333335,12,1,5673,False,False,True
christmas_supplies,2017-12,2017-11,16,22,12,1,12.666666666666666,12,1,5673,False,False,True
cine_photo,2017-12,2017-11,2,1,1,1,1.0,12,1,5673,False,False,True
computers,2017-12,2017-11,23,7,27,28,24.666666666666668,12,1,5673,False,False,True
computers_accessories,2017-12,2017-11,284,512,309,341,356.0,12,1,5673,False,False,True
consoles_games,2017-12,2017-11,92,128,105,84,98.66666666666667,12,1,5673,False,False,True
construction_tools_construction,2017-12,2017-11,27,47,19,7,25.333333333333332,12,1,5673,False,False,True
construction_tools_lights,2017-12,2017-11,2,10,2,2,4.333333333333333,12,1,5673,False,False,True
construction_tools_safety,2017-12,2017-11,7,14,12,1,10.333333333333334,12,1,5673,False,False,True
cool_stuff,2017-12,2017-11,248,297,254,256,251.33333333333334,12,1,5673,False,False,True
costruction_tools_garden,2017-12,2017-11,6,17,9,10,10.333333333333334,12,1,5673,False,False,True
costruction_tools_tools,2017-12,2017-11,6,5,5,2,4.333333333333333,12,1,5673,False,False,True
drinks,2017-12,2017-11,34,18,12,2,12.0,12,1,5673,False,False,True
dvds_blu_ray,2017-12,2017-11,1,3,4,6,3.0,12,1,5673,False,False,True
electronics,2017-12,2017-11,209,182,62,56,103.66666666666667,12,1,5673,False,False,True
fashio_female_clothing,2017-12,2017-11,3,2,4,4,3.3333333333333335,12,1,5673,False,False,True
fashion_bags_accessories,2017-12,2017-11,134,193,108,95,141.0,12,1,5673,False,False,True
fashion_male_clothing,2017-12,2017-11,4,11,10,14,12.333333333333334,12,1,5673,False,False,True
fashion_shoes,2017-12,2017-11,13,19,18,22,16.666666666666668,12,1,5673,False,False,True
fashion_sport,2017-12,2017-11,1,1,1,2,2.3333333333333335,12,1,5673,False,False,True
fashion_underwear_beach,2017-12,2017-11,13,10,3,13,9.666666666666666,12,1,5673,False,False,True
fixed_telephony,2017-12,2017-11,5,5,7,20,8.333333333333334,12,1,5673,False,False,True
food,2017-12,2017-11,13,14,17,8,16.0,12,1,5673,False,False,True
food_drink,2017-12,2017-11,21,33,17,15,19.666666666666668,12,1,5673,False,False,True
furniture_bedroom,2017-12,2017-11,1,3,3,3,3.3333333333333335,12,1,5673,False,False,True
furniture_decor,2017-12,2017-11,378,767,375,426,495.0,12,1,5673,False,False,True
furniture_living_room,2017-12,2017-11,20,39,19,23,23.0,12,1,5673,False,False,True
furniture_mattress_and_upholstery,2017-12,2017-11,8,2,1,1,1.6666666666666667,12,1,5673,False,False,True
garden_tools,2017-12,2017-11,323,547,280,233,349.6666666666667,12,1,5673,False,False,True
health_beauty,2017-12,2017-11,460,573,350,352,433.0,12,1,5673,False,False,True
home_appliances,2017-12,2017-11,16,25,7,42,14.0,12,1,5673,False,False,True
home_appliances_2,2017-12,2017-11,8,13,9,15,9.333333333333334,12,1,5673,False,False,True
home_comfort_2,2017-12,2017-11,3,3,5,3,3.0,12,1,5673,False,False,True
home_confort,2017-12,2017-11,14,45,27,28,35.0,12,1,5673,False,False,True
home_construction,2017-12,2017-11,38,38,18,1,22.333333333333332,12,1,5673,False,False,True
housewares,2017-12,2017-11,288,412,229,280,296.6666666666667,12,1,5673,False,False,True
industry_commerce_and_business,2017-12,2017-11,9,6,5,3,4.333333333333333,12,1,5673,False,False,True
kitchen_dining_laundry_garden_furniture,2017-12,2017-11,20,33,16,7,17.666666666666668,12,1,5673,False,False,True
la_cuisine,2017-12,2017-11,1,1,1,4,1.3333333333333333,12,1,5673,False,False,True
luggage_accessories,2017-12,2017-11,46,70,56,62,56.0,12,1,5673,False,False,True
market_place,2017-12,2017-11,14,16,11,23,12.666666666666666,12,1,5673,False,False,True
musical_instruments,2017-12,2017-11,42,42,19,23,29.0,12,1,5673,False,False,True
office_furniture,2017-12,2017-11,48,101,102,58,87.66666666666667,12,1,5673,False,False,True
party_supplies,2017-12,2017-11,2,3,2,1,2.3333333333333335,12,1,5673,False,False,True
perfumery,2017-12,2017-11,233,304,187,127,214.66666666666666,12,1,5673,False,False,True
pet_shop,2017-12,2017-11,72,97,76,89,81.33333333333333,12,1,5673,False,False,True
signaling_and_security,2017-12,2017-11,2,5,10,4,8.0,12,1,5673,False,False,True
small_appliances,2017-12,2017-11,27,28,32,36,30.0,12,1,5673,False,False,True
sports_leisure,2017-12,2017-11,484,597,462,417,504.0,12,1,5673,False,False,True
stationery,2017-12,2017-11,248,163,96,80,111.33333333333333,12,1,5673,False,False,True
tablets_printing_image,2017-12,2017-11,6,6,1,6,3.3333333333333335,12,1,5673,False,False,True
telephony,2017-12,2017-11,260,371,244,132,262.6666666666667,12,1,5673,False,False,True
toys,2017-12,2017-11,436,485,283,182,352.3333333333333,12,1,5673,False,False,True
unknown,2017-12,2017-11,137,118,68,75,86.33333333333333,12,1,5673,False,False,True
watches_gifts,2017-12,2017-11,353,463,308,211,345.0,12,1,5673,False,False,True
agro_industry_and_commerce,2018-01,2017-12,18,11,19,4,11.666666666666666,1,0,7269,False,False,True
air_conditioning,2018-01,2017-12,29,3,19,7,11.333333333333334,1,0,7269,False,False,True
art,2018-01,2017-12,19,3,1,3,2.3333333333333335,1,0,7269,False,False,True
audio,2018-01,2017-12,26,17,36,10,28.0,1,0,7269,False,False,True
auto,2018-01,2017-12,267,263,260,107,223.66666666666666,1,0,7269,False,False,True
baby,2018-01,2017-12,219,139,197,170,158.0,1,0,7269,False,False,True
bed_bath_table,2018-01,2017-12,836,546,961,528,683.0,1,0,7269,False,False,True
books_general_interest,2018-01,2017-12,44,41,37,14,29.666666666666668,1,0,7269,False,False,True
books_imported,2018-01,2017-12,6,3,3,1,3.3333333333333335,1,0,7269,False,False,True
books_technical,2018-01,2017-12,17,4,6,8,5.333333333333333,1,0,7269,False,False,True
cds_dvds_musicals,2018-01,2017-12,1,1,3,3,1.6666666666666667,1,0,7269,False,False,True
christmas_supplies,2018-01,2017-12,10,16,22,4,16.666666666666668,1,0,7269,False,False,True
computers,2018-01,2017-12,11,23,7,40,19.0,1,0,7269,False,False,True
computers_accessories,2018-01,2017-12,688,284,512,247,368.3333333333333,1,0,7269,False,False,True
consoles_games,2018-01,2017-12,51,92,128,63,108.33333333333333,1,0,7269,False,False,True
construction_tools_construction,2018-01,2017-12,48,27,47,10,31.0,1,0,7269,False,False,True
construction_tools_lights,2018-01,2017-12,7,2,10,1,4.666666666666667,1,0,7269,False,False,True
construction_tools_safety,2018-01,2017-12,11,7,14,5,11.0,1,0,7269,False,False,True
cool_stuff,2018-01,2017-12,296,248,297,203,266.3333333333333,1,0,7269,False,False,True
costruction_tools_garden,2018-01,2017-12,24,6,17,5,10.666666666666666,1,0,7269,False,False,True
costruction_tools_tools,2018-01,2017-12,8,6,5,3,5.333333333333333,1,0,7269,False,False,True
drinks,2018-01,2017-12,50,34,18,6,21.333333333333332,1,0,7269,False,False,True
dvds_blu_ray,2018-01,2017-12,2,1,3,2,2.6666666666666665,1,0,7269,False,False,True
electronics,2018-01,2017-12,348,209,182,67,151.0,1,0,7269,False,False,True
fashion_bags_accessories,2018-01,2017-12,125,134,193,122,145.0,1,0,7269,False,False,True
fashion_male_clothing,2018-01,2017-12,6,4,11,16,8.333333333333334,1,0,7269,False,False,True
fashion_shoes,2018-01,2017-12,9,13,19,13,16.666666666666668,1,0,7269,False,False,True
fashion_sport,2018-01,2017-12,2,1,1,5,1.0,1,0,7269,False,False,True
fashion_underwear_beach,2018-01,2017-12,8,13,10,16,8.666666666666666,1,0,7269,False,False,True
fixed_telephony,2018-01,2017-12,10,5,5,13,5.666666666666667,1,0,7269,False,False,True
food,2018-01,2017-12,19,13,14,17,14.666666666666666,1,0,7269,False,False,True
food_drink,2018-01,2017-12,11,21,33,9,23.666666666666668,1,0,7269,False,False,True
furniture_bedroom,2018-01,2017-12,5,1,3,4,2.3333333333333335,1,0,7269,False,False,True
furniture_decor,2018-01,2017-12,595,378,767,343,506.6666666666667,1,0,7269,False,False,True
furniture_living_room,2018-01,2017-12,22,20,39,11,26.0,1,0,7269,False,False,True
furniture_mattress_and_upholstery,2018-01,2017-12,9,8,2,2,3.6666666666666665,1,0,7269,False,False,True
garden_tools,2018-01,2017-12,236,323,547,222,383.3333333333333,1,0,7269,False,False,True
health_beauty,2018-01,2017-12,619,460,573,376,461.0,1,0,7269,False,False,True
home_appliances,2018-01,2017-12,27,16,25,10,16.0,1,0,7269,False,False,True
home_appliances_2,2018-01,2017-12,13,8,13,6,10.0,1,0,7269,False,False,True
home_confort,2018-01,2017-12,18,14,45,33,28.666666666666668,1,0,7269,False,False,True
home_construction,2018-01,2017-12,40,38,38,11,31.333333333333332,1,0,7269,False,False,True
housewares,2018-01,2017-12,351,288,412,249,309.6666666666667,1,0,7269,False,False,True
industry_commerce_and_business,2018-01,2017-12,18,9,6,2,6.666666666666667,1,0,7269,False,False,True
kitchen_dining_laundry_garden_furniture,2018-01,2017-12,21,20,33,4,23.0,1,0,7269,False,False,True
luggage_accessories,2018-01,2017-12,126,46,70,42,57.333333333333336,1,0,7269,False,False,True
market_place,2018-01,2017-12,14,14,16,11,13.666666666666666,1,0,7269,False,False,True
musical_instruments,2018-01,2017-12,51,42,42,26,34.333333333333336,1,0,7269,False,False,True
office_furniture,2018-01,2017-12,142,48,101,60,83.66666666666667,1,0,7269,False,False,True
party_supplies,2018-01,2017-12,2,2,3,2,2.3333333333333335,1,0,7269,False,False,True
perfumery,2018-01,2017-12,223,233,304,153,241.33333333333334,1,0,7269,False,False,True
pet_shop,2018-01,2017-12,89,72,97,71,81.66666666666667,1,0,7269,False,False,True
signaling_and_security,2018-01,2017-12,8,2,5,9,5.666666666666667,1,0,7269,False,False,True
small_appliances,2018-01,2017-12,53,27,28,30,29.0,1,0,7269,False,False,True
sports_leisure,2018-01,2017-12,642,484,597,453,514.3333333333334,1,0,7269,False,False,True
stationery,2018-01,2017-12,385,248,163,75,169.0,1,0,7269,False,False,True
tablets_printing_image,2018-01,2017-12,3,6,6,3,4.333333333333333,1,0,7269,False,False,True
telephony,2018-01,2017-12,368,260,371,173,291.6666666666667,1,0,7269,False,False,True
toys,2018-01,2017-12,161,436,485,289,401.3333333333333,1,0,7269,False,False,True
unknown,2018-01,2017-12,193,137,118,73,107.66666666666667,1,0,7269,False,False,True
watches_gifts,2018-01,2017-12,355,353,463,264,374.6666666666667,1,0,7269,False,False,True
agro_industry_and_commerce,2018-02,2018-01,26,18,11,5,16.0,2,0,6728,False,False,True
air_conditioning,2018-02,2018-01,12,29,3,12,17.0,2,0,6728,False,False,True
art,2018-02,2018-01,12,19,3,3,7.666666666666667,2,0,6728,False,False,True
audio,2018-02,2018-01,15,26,17,31,26.333333333333332,2,0,6728,False,False,True
auto,2018-02,2018-01,315,267,263,148,263.3333333333333,2,0,6728,False,False,True
baby,2018-02,2018-01,172,219,139,138,185.0,2,0,6728,False,False,True
bed_bath_table,2018-02,2018-01,685,836,546,542,781.0,2,0,6728,False,False,True
books_general_interest,2018-02,2018-01,28,44,41,11,40.666666666666664,2,0,6728,False,False,True
books_imported,2018-02,2018-01,3,6,3,4,4.0,2,0,6728,False,False,True
books_technical,2018-02,2018-01,26,17,4,6,9.0,2,0,6728,False,False,True
christmas_supplies,2018-02,2018-01,24,10,16,12,16.0,2,0,6728,False,False,True
cine_photo,2018-02,2018-01,2,2,1,1,1.3333333333333333,2,0,6728,False,False,True
computers,2018-02,2018-01,15,11,23,27,13.666666666666666,2,0,6728,False,False,True
computers_accessories,2018-02,2018-01,971,688,284,309,494.6666666666667,2,0,6728,False,False,True
consoles_games,2018-02,2018-01,51,51,92,105,90.33333333333333,2,0,6728,False,False,True
construction_tools_construction,2018-02,2018-01,68,48,27,19,40.666666666666664,2,0,6728,False,False,True
construction_tools_lights,2018-02,2018-01,17,7,2,2,6.333333333333333,2,0,6728,False,False,True
construction_tools_safety,2018-02,2018-01,8,11,7,12,10.666666666666666,2,0,6728,False,False,True
cool_stuff,2018-02,2018-01,180,296,248,254,280.3333333333333,2,0,6728,False,False,True
costruction_tools_garden,2018-02,2018-01,20,24,6,9,15.666666666666666,2,0,6728,False,False,True
costruction_tools_tools,2018-02,2018-01,12,8,6,5,6.333333333333333,2,0,6728,False,False,True
drinks,2018-02,2018-01,31,50,34,12,34.0,2,0,6728,False,False,True
dvds_blu_ray,2018-02,2018-01,1,2,1,4,2.0,2,0,6728,False,False,True
electronics,2018-02,2018-01,331,348,209,62,246.33333333333334,2,0,6728,False,False,True
fashio_female_clothing,2018-02,2018-01,1,3,2,4,3.0,2,0,6728,False,False,True
fashion_bags_accessories,2018-02,2018-01,107,125,134,108,150.66666666666666,2,0,6728,False,False,True
fashion_male_clothing,2018-02,2018-01,3,6,4,10,7.0,2,0,6728,False,False,True
fashion_shoes,2018-02,2018-01,11,9,13,18,13.666666666666666,2,0,6728,False,False,True
fashion_sport,2018-02,2018-01,1,2,1,1,1.3333333333333333,2,0,6728,False,False,True
fashion_underwear_beach,2018-02,2018-01,7,8,13,3,10.333333333333334,2,0,6728,False,False,True
fixed_telephony,2018-02,2018-01,11,10,5,7,6.666666666666667,2,0,6728,False,False,True
food,2018-02,2018-01,38,19,13,17,15.333333333333334,2,0,6728,False,False,True
food_drink,2018-02,2018-01,23,11,21,17,21.666666666666668,2,0,6728,False,False,True
furniture_bedroom,2018-02,2018-01,7,5,1,3,3.0,2,0,6728,False,False,True
furniture_decor,2018-02,2018-01,422,595,378,375,580.0,2,0,6728,False,False,True
furniture_living_room,2018-02,2018-01,26,22,20,19,27.0,2,0,6728,False,False,True
furniture_mattress_and_upholstery,2018-02,2018-01,5,9,8,1,6.333333333333333,2,0,6728,False,False,True
garden_tools,2018-02,2018-01,293,236,323,280,368.6666666666667,2,0,6728,False,False,True
health_beauty,2018-02,2018-01,650,619,460,350,550.6666666666666,2,0,6728,False,False,True
home_appliances,2018-02,2018-01,48,27,16,7,22.666666666666668,2,0,6728,False,False,True
home_appliances_2,2018-02,2018-01,21,13,8,9,11.333333333333334,2,0,6728,False,False,True
home_confort,2018-02,2018-01,21,18,14,27,25.666666666666668,2,0,6728,False,False,True
home_construction,2018-02,2018-01,38,40,38,18,38.666666666666664,2,0,6728,False,False,True
housewares,2018-02,2018-01,391,351,288,229,350.3333333333333,2,0,6728,False,False,True
industry_commerce_and_business,2018-02,2018-01,37,18,9,5,11.0,2,0,6728,False,False,True
kitchen_dining_laundry_garden_furniture,2018-02,2018-01,19,21,20,16,24.666666666666668,2,0,6728,False,False,True
la_cuisine,2018-02,2018-01,1,1,1,2,1.0,2,0,6728,False,False,True
luggage_accessories,2018-02,2018-01,45,126,46,56,80.66666666666667,2,0,6728,False,False,True
market_place,2018-02,2018-01,28,14,14,11,14.666666666666666,2,0,6728,False,False,True
music,2018-02,2018-01,2,1,1,4,1.0,2,0,6728,False,False,True
musical_instruments,2018-02,2018-01,44,51,42,19,45.0,2,0,6728,False,False,True
office_furniture,2018-02,2018-01,107,142,48,102,97.0,2,0,6728,False,False,True
party_supplies,2018-02,2018-01,6,2,2,2,2.3333333333333335,2,0,6728,False,False,True
perfumery,2018-02,2018-01,211,223,233,187,253.33333333333334,2,0,6728,False,False,True
pet_shop,2018-02,2018-01,99,89,72,76,86.0,2,0,6728,False,False,True
signaling_and_security,2018-02,2018-01,15,8,2,10,5.0,2,0,6728,False,False,True
small_appliances,2018-02,2018-01,32,53,27,32,36.0,2,0,6728,False,False,True
small_appliances_home_oven_and_coffee,2018-02,2018-01,5,1,1,1,1.0,2,0,6728,False,False,True
sports_leisure,2018-02,2018-01,637,642,484,462,574.3333333333334,2,0,6728,False,False,True
stationery,2018-02,2018-01,145,385,248,96,265.3333333333333,2,0,6728,False,False,True
tablets_printing_image,2018-02,2018-01,13,3,6,1,5.0,2,0,6728,False,False,True
telephony,2018-02,2018-01,354,368,260,244,333.0,2,0,6728,False,False,True
toys,2018-02,2018-01,139,161,436,283,360.6666666666667,2,0,6728,False,False,True
unknown,2018-02,2018-01,117,193,137,68,149.33333333333334,2,0,6728,False,False,True
watches_gifts,2018-02,2018-01,324,355,353,308,390.3333333333333,2,0,6728,False,False,True
agro_industry_and_commerce,2018-03,2018-02,26,26,18,19,18.333333333333332,3,0,7211,False,False,True
air_conditioning,2018-03,2018-02,24,12,29,19,14.666666666666666,3,0,7211,False,False,True
art,2018-03,2018-02,7,12,19,1,11.333333333333334,3,0,7211,False,False,True
audio,2018-03,2018-02,34,15,26,36,19.333333333333332,3,0,7211,False,False,True
auto,2018-03,2018-02,336,315,267,260,281.6666666666667,3,0,7211,False,False,True
baby,2018-03,2018-02,215,172,219,197,176.66666666666666,3,0,7211,False,False,True
bed_bath_table,2018-03,2018-02,777,685,836,961,689.0,3,0,7211,False,False,True
books_general_interest,2018-03,2018-02,38,28,44,37,37.666666666666664,3,0,7211,False,False,True
books_imported,2018-03,2018-02,3,3,6,3,4.0,3,0,7211,False,False,True
books_technical,2018-03,2018-02,17,26,17,6,15.666666666666666,3,0,7211,False,False,True
christmas_supplies,2018-03,2018-02,12,24,10,22,16.666666666666668,3,0,7211,False,False,True
cine_photo,2018-03,2018-02,7,2,2,1,1.6666666666666667,3,0,7211,False,False,True
computers_accessories,2018-03,2018-02,750,971,688,512,647.6666666666666,3,0,7211,False,False,True
consoles_games,2018-03,2018-02,57,51,51,128,64.66666666666667,3,0,7211,False,False,True
construction_tools_construction,2018-03,2018-02,66,68,48,47,47.666666666666664,3,0,7211,False,False,True
construction_tools_lights,2018-03,2018-02,13,17,7,10,8.666666666666666,3,0,7211,False,False,True
construction_tools_safety,2018-03,2018-02,22,8,11,14,8.666666666666666,3,0,7211,False,False,True
cool_stuff,2018-03,2018-02,253,180,296,297,241.33333333333334,3,0,7211,False,False,True
costruction_tools_garden,2018-03,2018-02,22,20,24,17,16.666666666666668,3,0,7211,False,False,True
costruction_tools_tools,2018-03,2018-02,9,12,8,5,8.666666666666666,3,0,7211,False,False,True
diapers_and_hygiene,2018-03,2018-02,5,4,5,1,3.6666666666666665,3,0,7211,False,False,True
drinks,2018-03,2018-02,21,31,50,18,38.333333333333336,3,0,7211,False,False,True
dvds_blu_ray,2018-03,2018-02,2,1,2,3,1.3333333333333333,3,0,7211,False,False,True
electronics,2018-03,2018-02,254,331,348,182,296.0,3,0,7211,False,False,True
fashio_female_clothing,2018-03,2018-02,4,1,3,4,2.0,3,0,7211,False,False,True
fashion_bags_accessories,2018-03,2018-02,137,107,125,193,122.0,3,0,7211,False,False,True
fashion_male_clothing,2018-03,2018-02,1,3,6,11,4.333333333333333,3,0,7211,False,False,True
fashion_shoes,2018-03,2018-02,11,11,9,19,11.0,3,0,7211,False,False,True
fashion_underwear_beach,2018-03,2018-02,5,7,8,10,9.333333333333334,3,0,7211,False,False,True
fixed_telephony,2018-03,2018-02,14,11,10,5,8.666666666666666,3,0,7211,False,False,True
flowers,2018-03,2018-02,3,4,10,6,5.333333333333333,3,0,7211,False,False,True
food,2018-03,2018-02,35,38,19,14,23.333333333333332,3,0,7211,False,False,True
food_drink,2018-03,2018-02,19,23,11,33,18.333333333333332,3,0,7211,False,False,True
furniture_bedroom,2018-03,2018-02,6,7,5,3,4.333333333333333,3,0,7211,False,False,True
furniture_decor,2018-03,2018-02,583,422,595,767,465.0,3,0,7211,False,False,True
furniture_living_room,2018-03,2018-02,19,26,22,39,22.666666666666668,3,0,7211,False,False,True
furniture_mattress_and_upholstery,2018-03,2018-02,4,5,9,2,7.333333333333333,3,0,7211,False,False,True
garden_tools,2018-03,2018-02,253,293,236,547,284.0,3,0,7211,False,False,True
health_beauty,2018-03,2018-02,656,650,619,573,576.3333333333334,3,0,7211,False,False,True
home_appliances,2018-03,2018-02,70,48,27,25,30.333333333333332,3,0,7211,False,False,True
home_appliances_2,2018-03,2018-02,12,21,13,13,14.0,3,0,7211,False,False,True
home_comfort_2,2018-03,2018-02,1,3,3,1,3.6666666666666665,3,0,7211,False,False,True
home_confort,2018-03,2018-02,21,21,18,45,17.666666666666668,3,0,7211,False,False,True
home_construction,2018-03,2018-02,43,38,40,38,38.666666666666664,3,0,7211,False,False,True
housewares,2018-03,2018-02,390,391,351,412,343.3333333333333,3,0,7211,False,False,True
industry_commerce_and_business,2018-03,2018-02,29,37,18,6,21.333333333333332,3,0,7211,False,False,True
kitchen_dining_laundry_garden_furniture,2018-03,2018-02,12,19,21,33,20.0,3,0,7211,False,False,True
luggage_accessories,2018-03,2018-02,56,45,126,70,72.33333333333333,3,0,7211,False,False,True
market_place,2018-03,2018-02,17,28,14,16,18.666666666666668,3,0,7211,False,False,True
music,2018-03,2018-02,2,2,1,1,1.3333333333333333,3,0,7211,False,False,True
musical_instruments,2018-03,2018-02,53,44,51,42,45.666666666666664,3,0,7211,False,False,True
office_furniture,2018-03,2018-02,200,107,142,101,99.0,3,0,7211,False,False,True
perfumery,2018-03,2018-02,198,211,223,304,222.33333333333334,3,0,7211,False,False,True
pet_shop,2018-03,2018-02,122,99,89,97,86.66666666666667,3,0,7211,False,False,True
signaling_and_security,2018-03,2018-02,9,15,8,5,8.333333333333334,3,0,7211,False,False,True
small_appliances,2018-03,2018-02,35,32,53,28,37.333333333333336,3,0,7211,False,False,True
small_appliances_home_oven_and_coffee,2018-03,2018-02,7,5,1,1,2.3333333333333335,3,0,7211,False,False,True
sports_leisure,2018-03,2018-02,732,637,642,597,587.6666666666666,3,0,7211,False,False,True
stationery,2018-03,2018-02,163,145,385,163,259.3333333333333,3,0,7211,False,False,True
tablets_printing_image,2018-03,2018-02,3,13,3,6,7.333333333333333,3,0,7211,False,False,True
telephony,2018-03,2018-02,334,354,368,371,327.3333333333333,3,0,7211,False,False,True
toys,2018-03,2018-02,225,139,161,485,245.33333333333334,3,0,7211,False,False,True
unknown,2018-03,2018-02,133,117,193,118,149.0,3,0,7211,False,False,True
untranslated__pc_gamer,2018-03,2018-02,2,1,1,2,1.0,3,0,7211,False,False,True
watches_gifts,2018-03,2018-02,421,324,355,463,344.0,3,0,7211,False,False,True
agro_industry_and_commerce,2018-04,2018-03,12,26,26,11,23.333333333333332,4,0,6939,False,False,True
air_conditioning,2018-04,2018-03,23,24,12,3,21.666666666666668,4,0,6939,False,False,True
art,2018-04,2018-03,26,7,12,3,12.666666666666666,4,0,6939,False,False,True
audio,2018-04,2018-03,31,34,15,17,25.0,4,0,6939,False,False,True
auto,2018-04,2018-03,348,336,315,263,306.0,4,0,6939,False,False,True
baby,2018-04,2018-03,237,215,172,139,202.0,4,0,6939,False,False,True
bed_bath_table,2018-04,2018-03,736,777,685,546,766.0,4,0,6939,False,False,True
books_general_interest,2018-04,2018-03,49,38,28,41,36.666666666666664,4,0,6939,False,False,True
books_imported,2018-04,2018-03,4,3,3,3,4.0,4,0,6939,False,False,True
books_technical,2018-04,2018-03,23,17,26,4,20.0,4,0,6939,False,False,True
christmas_supplies,2018-04,2018-03,12,12,24,16,15.333333333333334,4,0,6939,False,False,True
cine_photo,2018-04,2018-03,5,7,2,1,3.6666666666666665,4,0,6939,False,False,True
computers_accessories,2018-04,2018-03,526,750,971,284,803.0,4,0,6939,False,False,True
consoles_games,2018-04,2018-03,40,57,51,92,53.0,4,0,6939,False,False,True
construction_tools_construction,2018-04,2018-03,90,66,68,27,60.666666666666664,4,0,6939,False,False,True
construction_tools_lights,2018-04,2018-03,47,13,17,2,12.333333333333334,4,0,6939,False,False,True
construction_tools_safety,2018-04,2018-03,24,22,8,7,13.666666666666666,4,0,6939,False,False,True
cool_stuff,2018-04,2018-03,206,253,180,248,243.0,4,0,6939,False,False,True
costruction_tools_garden,2018-04,2018-03,18,22,20,6,22.0,4,0,6939,False,False,True
costruction_tools_tools,2018-04,2018-03,17,9,12,6,9.666666666666666,4,0,6939,False,False,True
diapers_and_hygiene,2018-04,2018-03,4,5,4,2,4.666666666666667,4,0,6939,False,False,True
drinks,2018-04,2018-03,54,21,31,34,34.0,4,0,6939,False,False,True
dvds_blu_ray,2018-04,2018-03,5,2,1,1,1.6666666666666667,4,0,6939,False,False,True
electronics,2018-04,2018-03,212,254,331,209,311.0,4,0,6939,False,False,True
fashio_female_clothing,2018-04,2018-03,5,4,1,2,2.6666666666666665,4,0,6939,False,False,True
fashion_bags_accessories,2018-04,2018-03,102,137,107,134,123.0,4,0,6939,False,False,True
fashion_childrens_clothes,2018-04,2018-03,1,2,1,1,1.3333333333333333,4,0,6939,False,False,True
fashion_shoes,2018-04,2018-03,11,11,11,13,10.333333333333334,4,0,6939,False,False,True
fashion_sport,2018-04,2018-03,1,1,2,1,1.3333333333333333,4,0,6939,False,False,True
fashion_underwear_beach,2018-04,2018-03,6,5,7,13,6.666666666666667,4,0,6939,False,False,True
fixed_telephony,2018-04,2018-03,11,14,11,5,11.666666666666666,4,0,6939,False,False,True
flowers,2018-04,2018-03,3,3,4,2,5.666666666666667,4,0,6939,False,False,True
food,2018-04,2018-03,40,35,38,13,30.666666666666668,4,0,6939,False,False,True
food_drink,2018-04,2018-03,18,19,23,21,17.666666666666668,4,0,6939,False,False,True
furniture_bedroom,2018-04,2018-03,7,6,7,1,6.0,4,0,6939,False,False,True
furniture_decor,2018-04,2018-03,586,583,422,378,533.3333333333334,4,0,6939,False,False,True
furniture_living_room,2018-04,2018-03,33,19,26,20,22.333333333333332,4,0,6939,False,False,True
furniture_mattress_and_upholstery,2018-04,2018-03,1,4,5,8,6.0,4,0,6939,False,False,True
garden_tools,2018-04,2018-03,282,253,293,323,260.6666666666667,4,0,6939,False,False,True
health_beauty,2018-04,2018-03,685,656,650,460,641.6666666666666,4,0,6939,False,False,True
home_appliances,2018-04,2018-03,104,70,48,16,48.333333333333336,4,0,6939,False,False,True
home_appliances_2,2018-04,2018-03,23,12,21,8,15.333333333333334,4,0,6939,False,False,True
home_comfort_2,2018-04,2018-03,1,1,3,5,2.3333333333333335,4,0,6939,False,False,True
home_confort,2018-04,2018-03,18,21,21,14,20.0,4,0,6939,False,False,True
home_construction,2018-04,2018-03,75,43,38,38,40.333333333333336,4,0,6939,False,False,True
housewares,2018-04,2018-03,462,390,391,288,377.3333333333333,4,0,6939,False,False,True
industry_commerce_and_business,2018-04,2018-03,53,29,37,9,28.0,4,0,6939,False,False,True
kitchen_dining_laundry_garden_furniture,2018-04,2018-03,19,12,19,20,17.333333333333332,4,0,6939,False,False,True
la_cuisine,2018-04,2018-03,2,1,1,1,1.0,4,0,6939,False,False,True
luggage_accessories,2018-04,2018-03,57,56,45,46,75.66666666666667,4,0,6939,False,False,True
market_place,2018-04,2018-03,15,17,28,14,19.666666666666668,4,0,6939,False,False,True
music,2018-04,2018-03,5,2,2,1,1.6666666666666667,4,0,6939,False,False,True
musical_instruments,2018-04,2018-03,60,53,44,42,49.333333333333336,4,0,6939,False,False,True
office_furniture,2018-04,2018-03,131,200,107,48,149.66666666666666,4,0,6939,False,False,True
party_supplies,2018-04,2018-03,2,6,2,3,3.3333333333333335,4,0,6939,False,False,True
perfumery,2018-04,2018-03,174,198,211,233,210.66666666666666,4,0,6939,False,False,True
pet_shop,2018-04,2018-03,166,122,99,72,103.33333333333333,4,0,6939,False,False,True
signaling_and_security,2018-04,2018-03,36,9,15,2,10.666666666666666,4,0,6939,False,False,True
small_appliances,2018-04,2018-03,66,35,32,27,40.0,4,0,6939,False,False,True
small_appliances_home_oven_and_coffee,2018-04,2018-03,13,7,5,1,4.333333333333333,4,0,6939,False,False,True
sports_leisure,2018-04,2018-03,586,732,637,484,670.3333333333334,4,0,6939,False,False,True
stationery,2018-04,2018-03,152,163,145,248,231.0,4,0,6939,False,False,True
tablets_printing_image,2018-04,2018-03,1,3,13,6,6.333333333333333,4,0,6939,False,False,True
telephony,2018-04,2018-03,279,334,354,260,352.0,4,0,6939,False,False,True
toys,2018-04,2018-03,202,225,139,436,175.0,4,0,6939,False,False,True
unknown,2018-04,2018-03,74,133,117,137,147.66666666666666,4,0,6939,False,False,True
watches_gifts,2018-04,2018-03,494,421,324,353,366.6666666666667,4,0,6939,False,False,True
agro_industry_and_commerce,2018-05,2018-04,8,12,26,18,21.333333333333332,5,0,6873,False,False,True
air_conditioning,2018-05,2018-04,14,23,24,29,19.666666666666668,5,0,6873,False,False,True
art,2018-05,2018-04,34,26,7,19,15.0,5,0,6873,False,False,True
audio,2018-05,2018-04,21,31,34,26,26.666666666666668,5,0,6873,False,False,True
auto,2018-05,2018-04,308,348,336,267,333.0,5,0,6873,False,False,True
baby,2018-05,2018-04,239,237,215,219,208.0,5,0,6873,False,False,True
bed_bath_table,2018-05,2018-04,740,736,777,836,732.6666666666666,5,0,6873,False,False,True
books_general_interest,2018-05,2018-04,50,49,38,44,38.333333333333336,5,0,6873,False,False,True
books_imported,2018-05,2018-04,10,4,3,6,3.3333333333333335,5,0,6873,False,False,True
books_technical,2018-05,2018-04,55,23,17,17,22.0,5,0,6873,False,False,True
christmas_supplies,2018-05,2018-04,6,12,12,10,16.0,5,0,6873,False,False,True
cine_photo,2018-05,2018-04,17,5,7,2,4.666666666666667,5,0,6873,False,False,True
computers,2018-05,2018-04,13,15,11,7,16.333333333333332,5,0,6873,False,False,True
computers_accessories,2018-05,2018-04,453,526,750,688,749.0,5,0,6873,False,False,True
consoles_games,2018-05,2018-04,52,40,57,51,49.333333333333336,5,0,6873,False,False,True
construction_tools_construction,2018-05,2018-04,125,90,66,48,74.66666666666667,5,0,6873,False,False,True
construction_tools_lights,2018-05,2018-04,38,47,13,7,25.666666666666668,5,0,6873,False,False,True
construction_tools_safety,2018-05,2018-04,22,24,22,11,18.0,5,0,6873,False,False,True
cool_stuff,2018-05,2018-04,175,206,253,296,213.0,5,0,6873,False,False,True
costruction_tools_garden,2018-05,2018-04,16,18,22,24,20.0,5,0,6873,False,False,True
costruction_tools_tools,2018-05,2018-04,5,17,9,8,12.666666666666666,5,0,6873,False,False,True
diapers_and_hygiene,2018-05,2018-04,3,4,5,5,4.333333333333333,5,0,6873,False,False,True
drinks,2018-05,2018-04,47,54,21,50,35.333333333333336,5,0,6873,False,False,True
dvds_blu_ray,2018-05,2018-04,7,5,2,2,2.6666666666666665,5,0,6873,False,False,True
electronics,2018-05,2018-04,231,212,254,348,265.6666666666667,5,0,6873,False,False,True
fashio_female_clothing,2018-05,2018-04,3,5,4,3,3.3333333333333335,5,0,6873,False,False,True
fashion_bags_accessories,2018-05,2018-04,110,102,137,125,115.33333333333333,5,0,6873,False,False,True
fashion_male_clothing,2018-05,2018-04,1,1,3,4,3.3333333333333335,5,0,6873,False,False,True
fashion_shoes,2018-05,2018-04,10,11,11,9,11.0,5,0,6873,False,False,True
fashion_sport,2018-05,2018-04,1,1,1,1,1.3333333333333333,5,0,6873,False,False,True
fashion_underwear_beach,2018-05,2018-04,6,6,5,8,6.0,5,0,6873,False,False,True
fixed_telephony,2018-05,2018-04,16,11,14,10,12.0,5,0,6873,False,False,True
flowers,2018-05,2018-04,1,3,3,10,3.3333333333333335,5,0,6873,False,False,True
food,2018-05,2018-04,44,40,35,19,37.666666666666664,5,0,6873,False,False,True
food_drink,2018-05,2018-04,25,18,19,11,20.0,5,0,6873,False,False,True
furniture_bedroom,2018-05,2018-04,6,7,6,5,6.666666666666667,5,0,6873,False,False,True
furniture_decor,2018-05,2018-04,597,586,583,595,530.3333333333334,5,0,6873,False,False,True
furniture_living_room,2018-05,2018-04,16,33,19,22,26.0,5,0,6873,False,False,True
garden_tools,2018-05,2018-04,288,282,253,236,276.0,5,0,6873,False,False,True
health_beauty,2018-05,2018-04,751,685,656,619,663.6666666666666,5,0,6873,False,False,True
home_appliances,2018-05,2018-04,64,104,70,27,74.0,5,0,6873,False,False,True
home_appliances_2,2018-05,2018-04,23,23,12,13,18.666666666666668,5,0,6873,False,False,True
home_comfort_2,2018-05,2018-04,2,1,1,3,1.6666666666666667,5,0,6873,False,False,True
home_confort,2018-05,2018-04,21,18,21,18,20.0,5,0,6873,False,False,True
home_construction,2018-05,2018-04,79,75,43,40,52.0,5,0,6873,False,False,True
housewares,2018-05,2018-04,618,462,390,351,414.3333333333333,5,0,6873,False,False,True
industry_commerce_and_business,2018-05,2018-04,40,53,29,18,39.666666666666664,5,0,6873,False,False,True
kitchen_dining_laundry_garden_furniture,2018-05,2018-04,13,19,12,21,16.666666666666668,5,0,6873,False,False,True
luggage_accessories,2018-05,2018-04,49,57,56,126,52.666666666666664,5,0,6873,False,False,True
market_place,2018-05,2018-04,14,15,17,14,20.0,5,0,6873,False,False,True
music,2018-05,2018-04,5,5,2,1,3.0,5,0,6873,False,False,True
musical_instruments,2018-05,2018-04,61,60,53,51,52.333333333333336,5,0,6873,False,False,True
office_furniture,2018-05,2018-04,104,131,200,142,146.0,5,0,6873,False,False,True
party_supplies,2018-05,2018-04,4,2,6,2,3.3333333333333335,5,0,6873,False,False,True
perfumery,2018-05,2018-04,197,174,198,223,194.33333333333334,5,0,6873,False,False,True
pet_shop,2018-05,2018-04,136,166,122,89,129.0,5,0,6873,False,False,True
signaling_and_security,2018-05,2018-04,7,36,9,8,20.0,5,0,6873,False,False,True
small_appliances,2018-05,2018-04,48,66,35,53,44.333333333333336,5,0,6873,False,False,True
small_appliances_home_oven_and_coffee,2018-05,2018-04,9,13,7,1,8.333333333333334,5,0,6873,False,False,True
sports_leisure,2018-05,2018-04,489,586,732,642,651.6666666666666,5,0,6873,False,False,True
stationery,2018-05,2018-04,130,152,163,385,153.33333333333334,5,0,6873,False,False,True
tablets_printing_image,2018-05,2018-04,1,1,3,3,5.666666666666667,5,0,6873,False,False,True
telephony,2018-05,2018-04,250,279,334,368,322.3333333333333,5,0,6873,False,False,True
toys,2018-05,2018-04,218,202,225,161,188.66666666666666,5,0,6873,False,False,True
unknown,2018-05,2018-04,42,74,133,193,108.0,5,0,6873,False,False,True
watches_gifts,2018-05,2018-04,625,494,421,355,413.0,5,0,6873,False,False,True
agro_industry_and_commerce,2018-06,2018-05,10,8,12,26,15.333333333333334,6,0,6167,False,False,True
air_conditioning,2018-06,2018-05,15,14,23,12,20.333333333333332,6,0,6167,False,False,True
art,2018-06,2018-05,28,34,26,12,22.333333333333332,6,0,6167,False,False,True
arts_and_craftmanship,2018-06,2018-05,11,1,1,1,1.0,6,0,6167,False,False,True
audio,2018-06,2018-05,20,21,31,15,28.666666666666668,6,0,6167,False,False,True
auto,2018-06,2018-05,295,308,348,315,330.6666666666667,6,0,6167,False,False,True
baby,2018-06,2018-05,223,239,237,172,230.33333333333334,6,0,6167,False,False,True
bed_bath_table,2018-06,2018-05,764,740,736,685,751.0,6,0,6167,False,False,True
books_general_interest,2018-06,2018-05,38,50,49,28,45.666666666666664,6,0,6167,False,False,True
books_imported,2018-06,2018-05,9,10,4,3,5.666666666666667,6,0,6167,False,False,True
books_technical,2018-06,2018-05,26,55,23,26,31.666666666666668,6,0,6167,False,False,True
christmas_supplies,2018-06,2018-05,7,6,12,24,10.0,6,0,6167,False,False,True
cine_photo,2018-06,2018-05,13,17,5,2,9.666666666666666,6,0,6167,False,False,True
computers,2018-06,2018-05,13,13,15,23,13.0,6,0,6167,False,False,True
computers_accessories,2018-06,2018-05,401,453,526,971,576.3333333333334,6,0,6167,False,False,True
consoles_games,2018-06,2018-05,43,52,40,51,49.666666666666664,6,0,6167,False,False,True
construction_tools_construction,2018-06,2018-05,113,125,90,68,93.66666666666667,6,0,6167,False,False,True
construction_tools_lights,2018-06,2018-05,44,38,47,17,32.666666666666664,6,0,6167,False,False,True
construction_tools_safety,2018-06,2018-05,16,22,24,8,22.666666666666668,6,0,6167,False,False,True
cool_stuff,2018-06,2018-05,103,175,206,180,211.33333333333334,6,0,6167,False,False,True
costruction_tools_garden,2018-06,2018-05,11,16,18,20,18.666666666666668,6,0,6167,False,False,True
costruction_tools_tools,2018-06,2018-05,4,5,17,12,10.333333333333334,6,0,6167,False,False,True
diapers_and_hygiene,2018-06,2018-05,7,3,4,4,4.0,6,0,6167,False,False,True
drinks,2018-06,2018-05,33,47,54,31,40.666666666666664,6,0,6167,False,False,True
dvds_blu_ray,2018-06,2018-05,6,7,5,1,4.666666666666667,6,0,6167,False,False,True
electronics,2018-06,2018-05,191,231,212,331,232.33333333333334,6,0,6167,False,False,True
fashion_bags_accessories,2018-06,2018-05,87,110,102,107,116.33333333333333,6,0,6167,False,False,True
fashion_male_clothing,2018-06,2018-05,7,1,1,6,1.6666666666666667,6,0,6167,False,False,True
fashion_shoes,2018-06,2018-05,10,10,11,11,10.666666666666666,6,0,6167,False,False,True
fashion_underwear_beach,2018-06,2018-05,7,6,6,7,5.666666666666667,6,0,6167,False,False,True
fixed_telephony,2018-06,2018-05,17,16,11,11,13.666666666666666,6,0,6167,False,False,True
flowers,2018-06,2018-05,2,1,3,4,2.3333333333333335,6,0,6167,False,False,True
food,2018-06,2018-05,24,44,40,38,39.666666666666664,6,0,6167,False,False,True
food_drink,2018-06,2018-05,11,25,18,23,20.666666666666668,6,0,6167,False,False,True
furniture_bedroom,2018-06,2018-05,9,6,7,7,6.333333333333333,6,0,6167,False,False,True
furniture_decor,2018-06,2018-05,402,597,586,422,588.6666666666666,6,0,6167,False,False,True
furniture_living_room,2018-06,2018-05,29,16,33,26,22.666666666666668,6,0,6167,False,False,True
garden_tools,2018-06,2018-05,184,288,282,293,274.3333333333333,6,0,6167,False,False,True
health_beauty,2018-06,2018-05,875,751,685,650,697.3333333333334,6,0,6167,False,False,True
home_appliances,2018-06,2018-05,65,64,104,48,79.33333333333333,6,0,6167,False,False,True
home_appliances_2,2018-06,2018-05,19,23,23,21,19.333333333333332,6,0,6167,False,False,True
home_confort,2018-06,2018-05,16,21,18,21,20.0,6,0,6167,False,False,True
home_construction,2018-06,2018-05,71,79,75,38,65.66666666666667,6,0,6167,False,False,True
housewares,2018-06,2018-05,577,618,462,391,490.0,6,0,6167,False,False,True
industry_commerce_and_business,2018-06,2018-05,26,40,53,37,40.666666666666664,6,0,6167,False,False,True
kitchen_dining_laundry_garden_furniture,2018-06,2018-05,29,13,19,19,14.666666666666666,6,0,6167,False,False,True
luggage_accessories,2018-06,2018-05,36,49,57,45,54.0,6,0,6167,False,False,True
market_place,2018-06,2018-05,7,14,15,28,15.333333333333334,6,0,6167,False,False,True
music,2018-06,2018-05,3,5,5,2,4.0,6,0,6167,False,False,True
musical_instruments,2018-06,2018-05,47,61,60,44,58.0,6,0,6167,False,False,True
office_furniture,2018-06,2018-05,76,104,131,107,145.0,6,0,6167,False,False,True
party_supplies,2018-06,2018-05,2,4,2,2,4.0,6,0,6167,False,False,True
perfumery,2018-06,2018-05,186,197,174,211,189.66666666666666,6,0,6167,False,False,True
pet_shop,2018-06,2018-05,178,136,166,99,141.33333333333334,6,0,6167,False,False,True
signaling_and_security,2018-06,2018-05,27,7,36,15,17.333333333333332,6,0,6167,False,False,True
small_appliances,2018-06,2018-05,49,48,66,32,49.666666666666664,6,0,6167,False,False,True
small_appliances_home_oven_and_coffee,2018-06,2018-05,3,9,13,5,9.666666666666666,6,0,6167,False,False,True
sports_leisure,2018-06,2018-05,419,489,586,637,602.3333333333334,6,0,6167,False,False,True
stationery,2018-06,2018-05,167,130,152,145,148.33333333333334,6,0,6167,False,False,True
tablets_printing_image,2018-06,2018-05,1,1,1,13,1.6666666666666667,6,0,6167,False,False,True
telephony,2018-06,2018-05,216,250,279,354,287.6666666666667,6,0,6167,False,False,True
toys,2018-06,2018-05,190,218,202,139,215.0,6,0,6167,False,False,True
unknown,2018-06,2018-05,23,42,74,117,83.0,6,0,6167,False,False,True
watches_gifts,2018-06,2018-05,477,625,494,324,513.3333333333334,6,0,6167,False,False,True
agro_industry_and_commerce,2018-07,2018-06,27,10,8,26,10.0,7,0,6292,False,False,True
air_conditioning,2018-07,2018-06,17,15,14,24,17.333333333333332,7,0,6292,False,False,True
art,2018-07,2018-06,21,28,34,7,29.333333333333332,7,0,6292,False,False,True
audio,2018-07,2018-06,22,20,21,34,24.0,7,0,6292,False,False,True
auto,2018-07,2018-06,341,295,308,336,317.0,7,0,6292,False,False,True
baby,2018-07,2018-06,214,223,239,215,233.0,7,0,6292,False,False,True
bed_bath_table,2018-07,2018-06,617,764,740,777,746.6666666666666,7,0,6292,False,False,True
books_general_interest,2018-07,2018-06,25,38,50,38,45.666666666666664,7,0,6292,False,False,True
books_imported,2018-07,2018-06,7,9,10,3,7.666666666666667,7,0,6292,False,False,True
books_technical,2018-07,2018-06,26,26,55,17,34.666666666666664,7,0,6292,False,False,True
christmas_supplies,2018-07,2018-06,8,7,6,12,8.333333333333334,7,0,6292,False,False,True
cine_photo,2018-07,2018-06,7,13,17,7,11.666666666666666,7,0,6292,False,False,True
computers,2018-07,2018-06,8,13,13,11,13.666666666666666,7,0,6292,False,False,True
computers_accessories,2018-07,2018-06,418,401,453,750,460.0,7,0,6292,False,False,True
consoles_games,2018-07,2018-06,49,43,52,57,45.0,7,0,6292,False,False,True
construction_tools_construction,2018-07,2018-06,115,113,125,66,109.33333333333333,7,0,6292,False,False,True
construction_tools_lights,2018-07,2018-06,55,44,38,13,43.0,7,0,6292,False,False,True
construction_tools_safety,2018-07,2018-06,15,16,22,22,20.666666666666668,7,0,6292,False,False,True
cool_stuff,2018-07,2018-06,115,103,175,253,161.33333333333334,7,0,6292,False,False,True
costruction_tools_garden,2018-07,2018-06,22,11,16,22,15.0,7,0,6292,False,False,True
costruction_tools_tools,2018-07,2018-06,12,4,5,9,8.666666666666666,7,0,6292,False,False,True
diapers_and_hygiene,2018-07,2018-06,3,7,3,5,4.666666666666667,7,0,6292,False,False,True
drinks,2018-07,2018-06,16,33,47,21,44.666666666666664,7,0,6292,False,False,True
dvds_blu_ray,2018-07,2018-06,1,6,7,2,6.0,7,0,6292,False,False,True
electronics,2018-07,2018-06,151,191,231,254,211.33333333333334,7,0,6292,False,False,True
fashion_bags_accessories,2018-07,2018-06,74,87,110,137,99.66666666666667,7,0,6292,False,False,True
fashion_male_clothing,2018-07,2018-06,5,7,1,3,3.0,7,0,6292,False,False,True
fashion_shoes,2018-07,2018-06,5,10,10,11,10.333333333333334,7,0,6292,False,False,True
fashion_underwear_beach,2018-07,2018-06,2,7,6,5,6.333333333333333,7,0,6292,False,False,True
fixed_telephony,2018-07,2018-06,11,17,16,14,14.666666666666666,7,0,6292,False,False,True
flowers,2018-07,2018-06,2,2,1,3,2.0,7,0,6292,False,False,True
food,2018-07,2018-06,64,24,44,35,36.0,7,0,6292,False,False,True
food_drink,2018-07,2018-06,17,11,25,19,18.0,7,0,6292,False,False,True
furniture_bedroom,2018-07,2018-06,10,9,6,6,7.333333333333333,7,0,6292,False,False,True
furniture_decor,2018-07,2018-06,436,402,597,583,528.3333333333334,7,0,6292,False,False,True
furniture_living_room,2018-07,2018-06,54,29,16,19,26.0,7,0,6292,False,False,True
garden_tools,2018-07,2018-06,177,184,288,253,251.33333333333334,7,0,6292,False,False,True
health_beauty,2018-07,2018-06,770,875,751,656,770.3333333333334,7,0,6292,False,False,True
home_appliances,2018-07,2018-06,78,65,64,70,77.66666666666667,7,0,6292,False,False,True
home_appliances_2,2018-07,2018-06,23,19,23,12,21.666666666666668,7,0,6292,False,False,True
home_comfort_2,2018-07,2018-06,3,2,1,3,1.3333333333333333,7,0,6292,False,False,True
home_confort,2018-07,2018-06,23,16,21,21,18.333333333333332,7,0,6292,False,False,True
home_construction,2018-07,2018-06,60,71,79,43,75.0,7,0,6292,False,False,True
housewares,2018-07,2018-06,564,577,618,390,552.3333333333334,7,0,6292,False,False,True
industry_commerce_and_business,2018-07,2018-06,14,26,40,29,39.666666666666664,7,0,6292,False,False,True
kitchen_dining_laundry_garden_furniture,2018-07,2018-06,22,29,13,12,20.333333333333332,7,0,6292,False,False,True
luggage_accessories,2018-07,2018-06,54,36,49,56,47.333333333333336,7,0,6292,False,False,True
market_place,2018-07,2018-06,4,7,14,17,12.0,7,0,6292,False,False,True
music,2018-07,2018-06,3,3,5,2,4.333333333333333,7,0,6292,False,False,True
musical_instruments,2018-07,2018-06,36,47,61,53,56.0,7,0,6292,False,False,True
office_furniture,2018-07,2018-06,80,76,104,200,103.66666666666667,7,0,6292,False,False,True
party_supplies,2018-07,2018-06,2,2,4,6,2.6666666666666665,7,0,6292,False,False,True
perfumery,2018-07,2018-06,199,186,197,198,185.66666666666666,7,0,6292,False,False,True
pet_shop,2018-07,2018-06,158,178,136,122,160.0,7,0,6292,False,False,True
signaling_and_security,2018-07,2018-06,29,27,7,9,23.333333333333332,7,0,6292,False,False,True
small_appliances,2018-07,2018-06,42,49,48,35,54.333333333333336,7,0,6292,False,False,True
small_appliances_home_oven_and_coffee,2018-07,2018-06,15,3,9,7,8.333333333333334,7,0,6292,False,False,True
sports_leisure,2018-07,2018-06,460,419,489,732,498.0,7,0,6292,False,False,True
stationery,2018-07,2018-06,190,167,130,163,149.66666666666666,7,0,6292,False,False,True
telephony,2018-07,2018-06,221,216,250,334,248.33333333333334,7,0,6292,False,False,True
toys,2018-07,2018-06,154,190,218,225,203.33333333333334,7,0,6292,False,False,True
unknown,2018-07,2018-06,47,23,42,133,46.333333333333336,7,0,6292,False,False,True
watches_gifts,2018-07,2018-06,521,477,625,421,532.0,7,0,6292,False,False,True
agro_industry_and_commerce,2018-08,2018-07,18,27,10,12,15.0,8,0,6512,False,False,True
air_conditioning,2018-08,2018-07,21,17,15,23,15.333333333333334,8,0,6512,False,False,True
art,2018-08,2018-07,18,21,28,26,27.666666666666668,8,0,6512,False,False,True
arts_and_craftmanship,2018-08,2018-07,9,11,1,1,4.333333333333333,8,0,6512,False,False,True
audio,2018-08,2018-07,26,22,20,31,21.0,8,0,6512,False,False,True
auto,2018-08,2018-07,370,341,295,348,314.6666666666667,8,0,6512,False,False,True
baby,2018-08,2018-07,212,214,223,237,225.33333333333334,8,0,6512,False,False,True
bed_bath_table,2018-08,2018-07,655,617,764,736,707.0,8,0,6512,False,False,True
books_general_interest,2018-08,2018-07,36,25,38,49,37.666666666666664,8,0,6512,False,False,True
books_imported,2018-08,2018-07,1,7,9,4,8.666666666666666,8,0,6512,False,False,True
books_technical,2018-08,2018-07,29,26,26,23,35.666666666666664,8,0,6512,False,False,True
christmas_supplies,2018-08,2018-07,10,8,7,12,7.0,8,0,6512,False,False,True
cine_photo,2018-08,2018-07,9,7,13,5,12.333333333333334,8,0,6512,False,False,True
computers,2018-08,2018-07,12,8,13,15,11.333333333333334,8,0,6512,False,False,True
computers_accessories,2018-08,2018-07,415,418,401,526,424.0,8,0,6512,False,False,True
consoles_games,2018-08,2018-07,59,49,43,40,48.0,8,0,6512,False,False,True
construction_tools_construction,2018-08,2018-07,162,115,113,90,117.66666666666667,8,0,6512,False,False,True
construction_tools_lights,2018-08,2018-07,62,55,44,47,45.666666666666664,8,0,6512,False,False,True
construction_tools_safety,2018-08,2018-07,25,15,16,24,17.666666666666668,8,0,6512,False,False,True
cool_stuff,2018-08,2018-07,119,115,103,206,131.0,8,0,6512,False,False,True
costruction_tools_garden,2018-08,2018-07,23,22,11,18,16.333333333333332,8,0,6512,False,False,True
costruction_tools_tools,2018-08,2018-07,14,12,4,17,7.0,8,0,6512,False,False,True
diapers_and_hygiene,2018-08,2018-07,3,3,7,4,4.333333333333333,8,0,6512,False,False,True
drinks,2018-08,2018-07,27,16,33,54,32.0,8,0,6512,False,False,True
dvds_blu_ray,2018-08,2018-07,1,1,6,5,4.666666666666667,8,0,6512,False,False,True
electronics,2018-08,2018-07,119,151,191,212,191.0,8,0,6512,False,False,True
fashion_bags_accessories,2018-08,2018-07,126,74,87,102,90.33333333333333,8,0,6512,False,False,True
fashion_male_clothing,2018-08,2018-07,3,5,7,1,4.333333333333333,8,0,6512,False,False,True
fashion_shoes,2018-08,2018-07,3,5,10,11,8.333333333333334,8,0,6512,False,False,True
fashion_underwear_beach,2018-08,2018-07,1,2,7,6,5.0,8,0,6512,False,False,True
fixed_telephony,2018-08,2018-07,10,11,17,11,14.666666666666666,8,0,6512,False,False,True
food,2018-08,2018-07,115,64,24,40,44.0,8,0,6512,False,False,True
food_drink,2018-08,2018-07,21,17,11,18,17.666666666666668,8,0,6512,False,False,True
furniture_bedroom,2018-08,2018-07,12,10,9,7,8.333333333333334,8,0,6512,False,False,True
furniture_decor,2018-08,2018-07,430,436,402,586,478.3333333333333,8,0,6512,False,False,True
furniture_living_room,2018-08,2018-07,40,54,29,33,33.0,8,0,6512,False,False,True
garden_tools,2018-08,2018-07,136,177,184,282,216.33333333333334,8,0,6512,False,False,True
health_beauty,2018-08,2018-07,835,770,875,685,798.6666666666666,8,0,6512,False,False,True
home_appliances,2018-08,2018-07,63,78,65,104,69.0,8,0,6512,False,False,True
home_appliances_2,2018-08,2018-07,14,23,19,23,21.666666666666668,8,0,6512,False,False,True
home_confort,2018-08,2018-07,16,23,16,18,20.0,8,0,6512,False,False,True
home_construction,2018-08,2018-07,48,60,71,75,70.0,8,0,6512,False,False,True
housewares,2018-08,2018-07,616,564,577,462,586.3333333333334,8,0,6512,False,False,True
industry_commerce_and_business,2018-08,2018-07,10,14,26,53,26.666666666666668,8,0,6512,False,False,True
kitchen_dining_laundry_garden_furniture,2018-08,2018-07,20,22,29,19,21.333333333333332,8,0,6512,False,False,True
luggage_accessories,2018-08,2018-07,64,54,36,57,46.333333333333336,8,0,6512,False,False,True
market_place,2018-08,2018-07,8,4,7,15,8.333333333333334,8,0,6512,False,False,True
music,2018-08,2018-07,6,3,3,5,3.6666666666666665,8,0,6512,False,False,True
musical_instruments,2018-08,2018-07,41,36,47,60,48.0,8,0,6512,False,False,True
office_furniture,2018-08,2018-07,30,80,76,131,86.66666666666667,8,0,6512,False,False,True
party_supplies,2018-08,2018-07,14,2,2,2,2.6666666666666665,8,0,6512,False,False,True
perfumery,2018-08,2018-07,218,199,186,174,194.0,8,0,6512,False,False,True
pet_shop,2018-08,2018-07,198,158,178,166,157.33333333333334,8,0,6512,False,False,True
signaling_and_security,2018-08,2018-07,22,29,27,36,21.0,8,0,6512,False,False,True
small_appliances,2018-08,2018-07,23,42,49,66,46.333333333333336,8,0,6512,False,False,True
small_appliances_home_oven_and_coffee,2018-08,2018-07,17,15,3,13,9.0,8,0,6512,False,False,True
sports_leisure,2018-08,2018-07,471,460,419,586,456.0,8,0,6512,False,False,True
stationery,2018-08,2018-07,169,190,167,152,162.33333333333334,8,0,6512,False,False,True
telephony,2018-08,2018-07,271,221,216,279,229.0,8,0,6512,False,False,True
toys,2018-08,2018-07,165,154,190,202,187.33333333333334,8,0,6512,False,False,True
unknown,2018-08,2018-07,31,47,23,74,37.333333333333336,8,0,6512,False,False,True
untranslated__pc_gamer,2018-08,2018-07,1,2,1,1,1.3333333333333333,8,0,6512,False,False,True
watches_gifts,2018-08,2018-07,411,521,477,494,541.0,8,0,6512,False,False,True
